Tahun,Kabupaten,Kecamatan,Kelurahan,0-4 Laki-Laki,0-4 Perempuan,5-9 Laki-Laki,5-9 Perempuan,10-14 Laki-Laki,10-14 Perempuan,15-19 Laki-Laki,15-19 Perempuan,20-24 Laki-Laki,20-24 Perempuan,25-29 Laki-Laki,25-29 Perempuan,30-34 Laki-Laki,30-34 Perempuan,35-39 Laki-Laki,35-39 Perempuan,40-44 Laki-Laki,40-44 Perempuan,45-49 Laki-Laki,45-49 Perempuan,50-54 Laki-Laki,50-54 Perempuan,55-59 Laki-Laki,55-59 Perempuan,60-64 Laki-Laki,60-64 Perempuan,65-69 Laki-Laki,65-69 Perempuan,70-74 Laki-Laki,70-74 Perempuan,>75 Laki-Laki,>75  Perempuan
2014,jakarta pusat,gambir,gambir,99,103,138,97,127,126,140,127,128,119,147,114,161,153,166,151,176,152,154,139,107,104,87,89,47,54,35,48,32,28,24,37
2014,jakarta pusat,gambir,cideng,623,576,646,676,708,679,632,639,693,629,741,690,847,868,772,753,770,792,781,708,691,639,581,562,371,432,225,279,161,221,181,313
2014,jakarta pusat,gambir,petojo utara,765,691,863,815,915,843,832,734,817,752,888,834,1024,950,957,966,947,899,808,753,750,698,570,574,435,436,271,267,143,213,181,293
2014,jakarta pusat,gambir,petojo selatan,616,600,655,609,708,648,643,591,842,615,861,644,813,758,746,709,694,687,684,631,584,586,483,447,318,365,200,228,117,157,150,232
2014,jakarta pusat,gambir,kebon kelapa,387,352,476,450,554,480,433,423,503,450,490,463,546,582,491,471,492,462,486,417,449,414,323,342,262,250,153,182,96,126,94,182
2014,jakarta pusat,gambir,duri pulo,945,926,1076,1040,1068,1008,957,907,971,905,1086,1005,1233,1185,1161,1093,1031,949,980,886,798,731,599,572,432,426,227,282,150,191,151,208
2014,jakarta pusat,sawah besar,pasar baru,486,418,533,516,538,531,540,502,473,484,631,613,722,730,645,645,627,610,591,606,528,524,478,468,409,449,294,275,146,200,149,264
2014,jakarta pusat,sawah besar,karang anyar,1299,1187,1419,1302,1345,1281,1171,1152,1211,1244,1424,1387,1707,1626,1542,1430,1385,1223,1225,1112,1084,1004,765,775,519,605,324,370,214,270,190,296
2014,jakarta pusat,sawah besar,kartini,949,943,1061,1089,1101,1094,1027,979,1003,1031,1137,1120,1275,1336,1224,1196,1138,1062,1043,1006,929,886,710,771,544,557,318,375,186,291,198,342
2014,jakarta pusat,sawah besar,gunung sahari utara,638,587,742,698,803,771,731,666,655,662,715,710,806,786,792,848,853,885,768,801,724,688,558,546,389,463,262,307,172,204,190,316
2014,jakarta pusat,sawah besar,mangga dua selatan,1368,1324,1424,1403,1399,1282,1249,1179,1331,1353,1556,1670,1938,1759,1760,1578,1565,1303,1352,1141,1163,1040,815,757,625,566,344,344,206,270,177,304
2014,jakarta pusat,kemayoran,kemayoran,966,903,1078,989,1043,1060,917,923,924,891,1059,1035,1244,1161,1101,1063,1036,935,1020,862,839,749,634,610,446,452,233,275,162,212,166,235
2014,jakarta pusat,kemayoran,kebon kosong,1348,1316,1529,1506,1498,1404,1263,1153,1108,1159,1176,1275,1490,1651,1559,1497,1457,1311,1216,1113,923,875,677,660,470,470,284,292,181,184,125,195
2014,jakarta pusat,kemayoran,harapan mulia,1117,1059,1268,1217,1198,1102,1062,951,979,934,1079,1094,1386,1305,1269,1226,1189,1127,1061,930,803,740,573,650,397,393,224,284,157,183,101,189
2014,jakarta pusat,kemayoran,serdang,1520,1403,1668,1539,1736,1635,1424,1361,1220,1205,1210,1299,1537,1603,1586,1628,1745,1676,1600,1377,983,960,687,673,468,546,274,386,285,316,236,233
2014,jakarta pusat,kemayoran,gunung sahari selatan,903,835,970,899,1011,953,885,868,866,822,892,915,1093,1048,977,1002,1009,957,911,882,790,745,643,612,423,487,272,312,184,201,137,227
2014,jakarta pusat,kemayoran,cempaka baru,1591,1472,1817,1657,1816,1654,1484,1467,1363,1332,1434,1455,1785,1795,1843,1874,1820,1691,1560,1461,1133,1050,805,785,554,612,324,487,297,309,217,241
2014,jakarta pusat,kemayoran,sumur batu,1084,981,1272,1203,1191,1127,981,908,914,848,1044,1039,1318,1418,1388,1369,1265,1256,1024,904,757,726,544,643,428,484,284,344,235,221,141,173
2014,jakarta pusat,kemayoran,utan panjang,1454,1362,1625,1512,1678,1552,1355,1230,1348,1286,1469,1361,1637,1642,1574,1514,1460,1308,1342,1190,989,970,755,720,472,414,209,305,163,219,153,188
2014,jakarta pusat,senen,senen,326,297,397,338,321,339,279,279,285,314,425,371,460,401,453,378,355,324,292,280,266,242,212,189,168,133,92,85,42,52,38,75
2014,jakarta pusat,senen,kenari,357,340,441,375,448,406,418,418,438,365,476,415,504,463,467,427,435,454,417,437,388,376,287,264,196,201,119,123,74,89,64,109
2014,jakarta pusat,senen,paseban,1103,1002,1179,1090,1151,1128,1080,1001,1043,1083,1236,1196,1386,1274,1258,1137,1176,1082,1094,1061,925,972,716,672,496,472,227,291,155,176,135,234
2014,jakarta pusat,senen,kramat,1388,1294,1600,1463,1644,1475,1490,1295,1406,1288,1538,1406,1695,1558,1567,1499,1464,1299,1297,1230,1125,1015,788,762,537,511,299,371,186,263,180,233
2014,jakarta pusat,senen,kwitang,751,719,822,717,765,720,665,719,667,639,762,727,934,886,833,791,729,664,661,631,565,589,439,455,335,368,170,219,105,154,107,184
2014,jakarta pusat,senen,bungur,824,788,931,861,922,908,789,797,866,855,1030,893,1092,1037,1008,922,938,862,852,814,708,688,524,565,411,402,229,264,152,175,122,216
2014,jakarta pusat,cempaka putih,cempaka putih timur,1030,953,1161,1084,1142,1110,1045,1021,923,882,1086,1046,1273,1240,1277,1371,1363,1345,1264,1078,901,912,590,671,511,503,268,391,256,314,270,283
2014,jakarta pusat,cempaka putih,cempaka putih barat,1669,1532,1824,1722,1877,1745,1546,1487,1426,1367,1537,1565,1832,1814,1818,1886,1853,1801,1662,1544,1223,1192,887,903,611,610,307,457,283,324,259,282
2014,jakarta pusat,cempaka putih,rawasari,973,934,1109,972,1075,1015,914,972,922,872,975,1013,1198,1214,1195,1208,1167,1188,1036,1000,836,798,635,607,398,403,223,264,175,215,159,200
2014,jakarta pusat,menteng,menteng,1172,1131,1225,1145,1291,1258,1228,1107,1153,1127,1193,1193,1349,1348,1244,1239,1195,1165,1073,1161,1011,1038,814,775,519,488,300,296,171,214,182,348
2014,jakarta pusat,menteng,pegangsaan,1044,1009,1184,1126,1248,1217,1117,1038,1003,1021,1117,973,1178,1199,1127,1131,1151,1080,1082,1038,886,919,707,691,481,450,257,280,153,203,120,229
2014,jakarta pusat,menteng,cikini,391,331,400,351,376,393,375,327,383,368,399,371,461,423,437,436,372,413,395,391,351,356,269,258,172,199,97,122,60,71,67,99
2014,jakarta pusat,menteng,gondangdia,155,137,151,141,150,164,150,167,177,161,175,197,175,194,174,215,190,203,179,191,181,178,153,169,100,137,87,110,71,69,70,130
2014,jakarta pusat,menteng,kebon sirih,610,509,679,609,646,633,621,520,554,574,702,600,767,722,737,658,695,613,623,532,522,452,413,376,278,287,153,186,94,124,63,124
2014,jakarta pusat,tanah abang,gelora,132,134,144,147,139,132,132,138,110,139,140,132,159,169,176,177,174,174,165,133,111,116,96,76,75,63,34,50,22,32,28,28
2014,jakarta pusat,tanah abang,bendungan hilir,861,841,1055,989,1036,1005,994,914,938,870,909,943,1038,1094,1126,1064,1150,1167,1113,1073,959,897,627,602,410,399,211,295,158,253,234,340
2014,jakarta pusat,tanah abang,karet tengsin,930,902,1035,972,1006,893,825,799,779,731,878,860,1113,1126,1135,1064,1053,957,919,698,610,595,518,439,322,301,170,201,129,133,80,102
2014,jakarta pusat,tanah abang,petamburan,1845,1675,1872,1793,1922,1759,1653,1506,1582,1502,1718,1749,2054,1887,1855,1679,1643,1447,1440,1337,1188,1073,828,713,489,490,263,330,174,234,138,182
2014,jakarta pusat,tanah abang,kebon melati,1741,1697,1941,1705,1741,1751,1604,1496,1580,1617,1865,1656,2013,1866,1835,1653,1666,1462,1490,1307,1096,1064,894,765,550,497,281,301,178,226,145,210
2014,jakarta pusat,tanah abang,kebon kacang,985,926,1120,1011,1103,946,993,957,971,937,1064,996,1264,1134,1125,1018,1035,1033,1020,957,861,828,671,643,486,526,276,335,174,205,134,254
2014,jakarta pusat,tanah abang,kampung bali,580,484,656,588,604,631,537,534,529,542,539,532,650,607,590,616,562,529,551,520,490,472,363,351,252,267,158,166,99,110,71,152
2014,jakarta pusat,johar baru,johar baru,1768,1607,1982,1889,1982,1872,1648,1556,1496,1520,1592,1693,2062,2004,1930,1980,1945,1893,1651,1616,1331,1244,918,971,632,723,362,485,288,345,226,298
2014,jakarta pusat,johar baru,kampung rawa,1183,1087,1268,1176,1173,1168,1026,986,1019,953,1125,1093,1357,1260,1271,1146,1187,1017,981,823,694,706,569,507,322,343,193,217,140,159,109,131
2014,jakarta pusat,johar baru,galur,919,763,1014,946,971,907,866,816,879,807,920,895,1081,1002,1033,935,1024,842,811,723,655,604,473,416,280,280,161,173,117,131,86,119
2014,jakarta pusat,johar baru,tanah tinggi,1840,1722,2146,1979,2117,1983,1875,1681,1833,1664,1885,1868,2165,2089,2039,1848,1878,1651,1655,1498,1342,1279,988,954,678,658,351,374,222,281,167,248
2014,jakarta utara,penjaringan,penjaringan,4828,4470,5343,5065,5164,4810,4019,3801,4413,4170,4999,4617,6241,5473,5786,4890,4906,3771,4023,3213,3048,2485,2063,1661,1260,1047,638,622,389,382,271,295
2014,jakarta utara,penjaringan,kamal muara,595,542,657,581,578,539,522,456,528,500,541,530,656,700,570,566,499,483,386,327,291,285,208,208,146,135,105,96,77,66,47,52
2014,jakarta utara,penjaringan,kapuk muara,1578,1356,1543,1429,1508,1357,1334,1182,1361,1342,1536,1484,1804,1813,1569,1499,1387,1253,1126,1098,954,936,779,723,487,485,320,277,161,171,151,184
2014,jakarta utara,penjaringan,pejagalan,3589,3306,3668,3539,3574,3492,3169,2955,3390,3332,4146,4118,4950,4792,4477,4152,3721,3254,3158,2884,2587,2550,2069,2105,1567,1613,883,975,531,647,459,660
2014,jakarta utara,penjaringan,pluit,1828,1648,1840,1677,1759,1678,1579,1481,1698,1789,2140,2206,2508,2578,2287,2252,1819,1769,1418,1535,1327,1572,1340,1572,1165,1242,911,858,532,508,414,586
2014,jakarta utara,tanjung priok,tanjung priok,1869,1629,1910,1884,1842,1690,1620,1542,1605,1538,1798,1608,2085,2069,2112,2133,1829,1792,1491,1384,1075,1013,737,627,451,458,259,263,155,202,99,136
2014,jakarta utara,tanjung priok,sunter jaya,2902,2673,3057,2903,2830,2724,2439,2369,2478,2448,3103,3075,3856,3692,3377,3078,2682,2403,2230,2135,1855,2026,1601,1729,1279,1114,664,538,341,307,239,300
2014,jakarta utara,tanjung priok,papanggo,2066,1956,2120,2039,2027,1964,1776,1714,1744,1741,2070,1833,2379,2259,2234,2177,1891,1713,1497,1380,1108,1130,787,829,531,501,323,298,170,163,110,129
2014,jakarta utara,tanjung priok,sungai bambu,1500,1388,1712,1542,1601,1487,1421,1353,1400,1241,1637,1466,1813,1692,1650,1631,1575,1406,1304,1212,1027,978,707,642,452,440,248,312,157,192,111,170
2014,jakarta utara,tanjung priok,kebon bawang,2718,2554,2858,2709,2764,2482,2213,2095,2354,2087,2708,2502,3252,3055,3224,2999,2781,2518,2287,2015,1590,1464,1112,1076,763,809,441,538,328,382,249,269
2014,jakarta utara,tanjung priok,sunter agung,3129,3005,3504,3160,3336,3182,2983,2665,2899,2864,3369,3531,4013,4004,3927,3835,3282,3117,2713,2786,2260,2528,1950,2106,1457,1385,929,806,545,497,360,486
2014,jakarta utara,tanjung priok,warakas,2376,2217,2510,2372,2297,2196,1957,1884,2027,1902,2347,2110,2741,2574,2663,2582,2293,2152,1870,1801,1360,1251,870,906,563,581,327,376,242,297,174,167
2014,jakarta utara,koja,koja,1610,1489,1678,1428,1590,1427,1358,1260,1577,1355,1682,1537,1872,1702,1757,1463,1368,1283,1241,1097,1006,898,672,597,411,302,200,205,118,169,99,127
2014,jakarta utara,koja,tugu utara,3852,3681,3801,3598,3519,3365,3025,2824,3203,3064,3649,3517,4170,4057,3829,3751,3281,2956,2515,2356,1876,1868,1405,1636,1106,1100,613,598,436,327,227,245
2014,jakarta utara,koja,lagoa,3216,3041,3214,3032,3095,2933,2736,2620,2849,2884,3100,2891,3384,3274,3120,2979,2832,2562,2402,2325,1828,1722,1273,1314,799,809,500,555,322,358,225,233
2014,jakarta utara,koja,rawa badak utara,1836,1681,1915,1778,1778,1773,1544,1371,1650,1434,1864,1725,2137,2079,2068,1863,1765,1581,1397,1304,1025,1031,709,757,535,563,331,293,234,213,162,156
2014,jakarta utara,koja,tugu selatan,2068,1902,2123,1966,1922,1814,1628,1518,1806,1749,2047,1926,2415,2300,2042,1968,1681,1541,1353,1235,947,955,745,698,474,343,232,161,108,105,59,81
2014,jakarta utara,koja,rawa badak selatan,2243,2062,2243,2174,2031,2032,1751,1620,1895,1770,2120,2095,2484,2470,2193,2106,1840,1593,1390,1303,1008,1069,821,791,538,493,278,250,160,151,97,102
2014,jakarta utara,cilincing,cilincing,2470,2374,2516,2371,2362,2225,2021,1882,2267,2082,2391,2334,2839,2749,2402,2251,2036,1803,1550,1426,1174,1221,974,904,636,576,320,286,206,170,100,138
2014,jakarta utara,cilincing,sukapura,2947,2746,3204,2946,2828,2670,2177,2060,2306,2386,2957,3108,3942,4721,3664,3850,2686,2291,1806,1437,1054,1066,861,921,701,521,329,222,165,140,93,95
2014,jakarta utara,cilincing,marunda,1446,1324,1500,1319,1372,1289,1145,1081,1185,1084,1246,1189,1349,1356,1186,1140,983,940,849,791,624,601,425,414,290,218,131,119,82,86,46,50
2014,jakarta utara,cilincing,kali baru,4243,3727,4290,3999,4102,3966,3535,3353,3644,3656,3875,3560,4408,4225,3896,3767,3198,2765,2483,2169,1884,1801,1242,1304,882,813,450,506,334,295,197,212
2014,jakarta utara,cilincing,semper timur,1698,1653,2005,1808,1915,1812,1646,1617,1618,1441,1651,1545,1846,1964,1946,1987,1736,1685,1467,1344,1073,972,685,700,449,457,280,324,255,222,158,150
2014,jakarta utara,cilincing,rorotan,1936,1854,2100,1988,1919,1876,1701,1612,1646,1576,1708,1740,2087,2153,1892,1921,1569,1451,1232,1138,860,890,657,671,531,400,271,191,113,109,102,82
2014,jakarta utara,cilincing,semper barat,3623,3334,3766,3552,3650,3456,2974,2873,3140,3022,3369,3360,4067,4198,3826,3856,3304,3161,2562,2400,1939,1826,1348,1564,1051,957,575,589,429,331,238,229
2014,jakarta utara,pademangan,pademangan timur,1627,1523,1735,1671,1709,1577,1414,1392,1431,1428,1761,1800,2149,2178,2011,1986,1786,1644,1537,1431,1189,1201,962,986,703,874,441,506,273,344,250,307
2014,jakarta utara,pademangan,pademangan barat,4140,3582,4176,3838,3866,3594,3196,3179,3540,3414,4045,3852,4959,4601,4565,3950,3705,3225,3064,2671,2482,2196,1721,1833,1130,1163,722,796,421,504,295,362
2014,jakarta utara,pademangan,ancol,1141,1086,1367,1246,1313,1199,1109,990,1066,1021,1295,1189,1526,1424,1470,1257,1258,1014,1067,871,794,710,546,433,353,307,195,171,121,108,109,106
2014,jakarta utara,kelapa gading,kelapa gading timur,1341,1204,1279,1257,1233,1235,1084,1016,1272,1180,1605,1694,1924,2085,1688,1759,1346,1459,1151,1249,968,1301,1094,1392,1125,1215,764,721,364,361,284,371
2014,jakarta utara,kelapa gading,pegangsaan dua,1923,1824,2134,1970,2012,1943,1849,1839,2053,2001,2170,2318,2608,2649,2383,2382,2064,2037,1901,1880,1717,1813,1327,1375,1026,1045,624,541,313,314,205,403
2014,jakarta utara,kelapa gading,kelapa gading barat,1508,1437,1643,1632,1680,1579,1464,1429,1327,1330,1387,1612,1751,1893,1863,1886,1782,1794,1510,1452,1084,1092,850,837,595,752,449,585,490,293,196,260
2014,jakarta barat,cengkareng,cengkareng barat,3131,2965,3442,3062,3316,3159,2694,2458,2684,2529,3000,2988,3672,3653,3437,3522,3068,2914,2553,2289,1767,1817,1383,1342,953,924,527,601,318,374,245,328
2014,jakarta barat,cengkareng,duri kosambi,3665,3394,3816,3689,3688,3486,3135,3120,3392,3316,3574,3594,4139,4136,3764,3626,3207,2975,2692,2583,2147,2070,1610,1592,1009,775,494,470,262,300,198,293
2014,jakarta barat,cengkareng,rawa buaya,2950,2798,3326,3178,3247,2966,2638,2392,2746,2694,3206,3147,3884,3817,3539,3199,3076,2681,2371,2186,1868,1725,1330,1227,893,765,540,444,256,226,164,194
2014,jakarta barat,cengkareng,kedaung kali angke,1587,1474,1763,1631,1643,1559,1362,1237,1422,1334,1560,1518,1909,1837,1867,1713,1643,1470,1380,1233,1068,918,682,572,398,362,187,193,136,101,86,96
2014,jakarta barat,cengkareng,kapuk,6979,6439,7472,7033,6986,6560,5896,5461,6091,6239,7063,6881,8525,8122,7742,6997,6360,5493,4999,4565,4047,3644,2751,2382,1726,1300,709,642,361,368,254,316
2014,jakarta barat,cengkareng,cengkareng timur,4077,3861,4217,4052,3864,3680,3177,3138,3446,3382,3936,3990,4784,4713,4432,4132,3760,3427,3022,2776,2158,2052,1577,1495,978,993,527,543,342,352,204,230
2014,jakarta barat,grogol petamburan,grogol,702,685,840,722,839,747,710,704,706,721,844,809,937,956,941,860,946,801,825,813,705,653,491,469,353,361,226,296,152,182,167,296
2014,jakarta barat,grogol petamburan,tanjung duren utara,769,727,791,719,779,658,575,527,634,596,725,756,960,1128,1056,1009,853,820,635,622,513,564,434,581,395,505,310,392,215,229,164,201
2014,jakarta barat,grogol petamburan,tomang,1230,1181,1368,1295,1392,1305,1254,1204,1240,1126,1349,1325,1619,1529,1582,1572,1532,1427,1387,1264,1042,1026,789,789,517,620,371,457,249,356,274,334
2014,jakarta barat,grogol petamburan,jelambar,1309,1209,1441,1318,1381,1248,1085,1128,1133,1124,1387,1389,1808,1791,1693,1714,1518,1455,1281,1243,991,953,773,929,662,753,486,545,346,360,260,315
2014,jakarta barat,grogol petamburan,tanjung duren selatan,1118,1091,1146,1036,1072,970,875,808,875,863,1150,1145,1535,1572,1430,1441,1280,1217,1037,973,721,750,507,688,480,511,319,425,236,219,166,190
2014,jakarta barat,grogol petamburan,jelambar baru,1792,1635,1840,1671,1737,1679,1450,1321,1530,1513,1911,1877,2450,2448,2235,2168,1845,1703,1489,1349,1187,1174,984,1069,796,915,580,621,326,305,240,305
2014,jakarta barat,grogol petamburan,wijaya kusuma,1799,1740,1964,1790,1830,1809,1539,1477,1672,1680,2118,2013,2641,2439,2318,2108,1892,1623,1602,1329,1195,1133,985,978,726,706,466,418,239,227,170,239
2014,jakarta barat,taman sari,taman sari,586,595,660,571,711,647,635,618,660,651,709,667,794,818,743,726,683,695,616,651,576,556,464,500,330,407,271,280,153,180,170,261
2014,jakarta barat,taman sari,krukut,890,751,921,822,924,981,811,814,862,816,954,886,1089,1040,954,834,864,821,795,784,705,661,553,540,366,385,225,282,124,205,132,203
2014,jakarta barat,taman sari,maphar,682,684,789,724,790,733,749,700,741,745,855,829,966,954,835,877,835,726,761,675,697,648,562,497,420,395,227,290,131,210,164,277
2014,jakarta barat,taman sari,tangki,495,492,602,544,591,576,521,488,582,555,613,655,682,733,697,668,578,636,585,525,446,478,387,381,273,314,178,209,118,144,97,154
2014,jakarta barat,taman sari,mangga besar,266,274,299,292,328,317,311,308,305,354,334,348,388,420,393,372,307,335,329,308,291,307,278,276,212,233,148,144,81,94,93,168
2014,jakarta barat,taman sari,keagungan,744,687,886,781,839,807,760,682,820,755,920,829,1029,975,958,863,910,753,799,695,657,582,514,448,355,343,184,219,124,160,94,169
2014,jakarta barat,taman sari,glodok,231,246,269,232,293,292,277,271,294,300,339,348,390,382,342,339,307,325,327,353,317,316,332,352,307,305,167,204,106,158,120,210
2014,jakarta barat,taman sari,pinangsia,453,445,547,458,505,456,436,447,481,450,543,539,704,667,599,578,575,504,472,416,404,331,324,314,231,255,165,152,80,92,95,124
2014,jakarta barat,tambora,tambora,458,465,479,497,512,505,443,408,476,450,522,505,629,587,573,499,545,451,448,431,383,371,316,291,215,240,135,161,95,124,72,124
2014,jakarta barat,tambora,kali anyar,1196,1134,1363,1295,1293,1219,1052,1050,1216,1087,1380,1373,1661,1459,1447,1265,1218,988,1015,834,794,714,560,585,341,348,201,207,136,138,86,98
2014,jakarta barat,tambora,duri utara,967,935,1121,1071,1080,1005,926,846,929,920,1095,1046,1205,1205,1164,1043,985,912,917,778,753,640,509,499,351,390,241,263,117,180,118,149
2014,jakarta barat,tambora,tanah sereal,1117,1096,1283,1125,1316,1181,1078,1131,1200,1164,1321,1320,1449,1379,1345,1252,1223,1168,1127,1023,984,990,766,777,534,561,309,370,200,302,198,292
2014,jakarta barat,tambora,kerendang,965,905,1069,949,1009,1000,878,854,980,896,1098,1074,1177,1082,1094,962,1037,750,832,699,675,590,508,437,299,288,162,188,105,129,68,104
2014,jakarta barat,tambora,jembatan besi,1444,1407,1657,1584,1591,1508,1375,1351,1495,1392,1807,1756,2134,1821,1957,1520,1578,1230,1335,1006,942,847,646,563,434,399,232,241,129,149,82,82
2014,jakarta barat,tambora,angke,1322,1302,1510,1473,1636,1491,1350,1259,1395,1344,1627,1546,1899,1739,1735,1473,1514,1409,1358,1156,1106,980,811,770,531,555,301,325,174,226,169,246
2014,jakarta barat,tambora,jembatan lima,956,890,1065,973,1069,990,887,899,1030,963,1158,1093,1328,1161,1183,1062,1103,905,885,808,718,667,569,574,403,418,207,248,153,172,104,185
2014,jakarta barat,tambora,pekojan,957,849,1084,998,1175,1091,1058,977,1077,958,1173,1085,1213,1269,1201,1119,1116,1064,1042,937,925,949,700,745,544,567,270,341,177,259,197,329
2014,jakarta barat,tambora,roa malaka,109,91,141,125,152,162,139,135,129,126,168,136,172,192,182,185,156,152,160,167,144,140,162,138,129,123,87,92,47,62,55,78
2014,jakarta barat,tambora,duri selatan,653,565,694,652,752,678,648,565,685,639,703,711,820,827,747,711,703,658,650,583,504,507,380,401,289,312,209,214,105,133,105,165
2014,jakarta barat,kebon jeruk,kebon jeruk,2515,2326,2615,2418,2465,2336,2075,2029,2034,2145,2399,2364,2778,2900,2683,2616,2433,2306,2002,1935,1594,1625,1116,1082,780,686,425,465,330,308,249,253
2014,jakarta barat,kebon jeruk,sukabumi utara,1960,1799,1993,1880,1891,1756,1567,1558,1523,1649,1890,1860,2193,2190,2042,2013,1915,1697,1468,1373,1097,1167,833,874,624,570,338,368,236,226,171,199
2014,jakarta barat,kebon jeruk,sukabumi selatan,1979,1826,1947,1818,1834,1792,1536,1453,1565,1620,1847,1881,2203,2133,2063,1887,1761,1548,1431,1318,1081,1008,782,689,488,450,260,237,150,145,104,118
2014,jakarta barat,kebon jeruk,kelapa dua,1129,1122,1200,1082,1149,1090,955,913,934,932,1099,1047,1293,1275,1195,1172,1129,1097,957,898,726,704,511,551,354,351,211,228,162,151,107,97
2014,jakarta barat,kebon jeruk,duri kepa,2601,2559,2732,2584,2567,2487,2190,2187,2514,2361,2941,3058,3642,3506,3304,3112,2638,2510,2184,2076,1745,1818,1443,1640,1265,1251,804,806,432,411,340,428
2014,jakarta barat,kebon jeruk,kedoya utara,2035,1839,2085,1979,2096,1955,1857,1668,1896,1877,2170,2170,2681,2605,2408,2311,1943,1864,1689,1539,1329,1359,1129,1306,875,840,557,467,322,247,193,290
2014,jakarta barat,kebon jeruk,kedoya selatan,1517,1414,1518,1474,1458,1324,1205,1115,1324,1245,1540,1564,1869,1889,1692,1691,1428,1286,1117,1098,929,980,763,785,580,569,384,346,207,181,112,176
2014,jakarta barat,kali deres,kalideres,3397,3116,3805,3397,3651,3428,3111,2910,3312,3189,3379,3366,4019,3847,3736,3722,3339,3143,2843,2703,2041,1962,1559,1324,901,789,444,437,280,281,210,255
2014,jakarta barat,kali deres,semanan,3571,3259,4152,3816,3800,3550,3147,3008,3217,3053,3441,3313,4206,4195,4006,3736,3313,3015,2646,2398,1914,1576,1189,1078,724,615,349,307,182,208,126,148
2014,jakarta barat,kali deres,tegal alur,4332,4226,4508,4516,4464,4185,3589,3466,3855,3751,4387,4213,5371,5298,4774,4438,3779,3472,3115,2745,2226,2129,1516,1473,1040,904,548,493,273,312,184,247
2014,jakarta barat,kali deres,kamal,2590,2429,2823,2700,2729,2549,2414,2222,2337,2232,2507,2382,2953,2866,2627,2436,2334,2066,1865,1562,1310,1135,833,689,513,402,246,241,148,168,112,118
2014,jakarta barat,kali deres,pegadungan,3194,3138,3727,3486,3786,3511,3326,3171,3071,3090,3017,3241,3837,3950,3568,3579,3296,3152,2911,2796,2146,1878,1325,1155,785,687,445,511,297,356,235,324
2014,jakarta barat,palmerah,palmerah,2992,2769,3156,2974,3112,2969,2632,2447,2667,2515,2958,2877,3611,3541,3476,3277,3169,2901,2632,2383,1933,1952,1483,1526,1044,1018,578,623,442,405,237,351
2014,jakarta barat,palmerah,slipi,847,720,887,739,823,742,784,642,683,689,797,804,986,928,861,829,836,733,660,666,597,600,436,436,297,314,174,164,112,122,85,117
2014,jakarta barat,palmerah,kota bambu utara,1342,1247,1400,1287,1241,1208,1100,1025,1085,1099,1252,1285,1549,1469,1350,1268,1208,1004,980,968,827,832,589,605,426,384,209,234,157,158,117,160
2014,jakarta barat,palmerah,jati pulo,1429,1274,1450,1501,1521,1378,1281,1222,1301,1244,1375,1310,1649,1588,1525,1459,1350,1305,1318,1120,934,953,699,747,465,451,269,342,196,261,185,205
2014,jakarta barat,palmerah,kemanggisan,1435,1328,1650,1590,1684,1599,1471,1332,1357,1327,1490,1495,1713,1743,1700,1699,1681,1690,1579,1436,1162,1112,791,788,520,581,319,426,240,296,303,343
2014,jakarta barat,palmerah,kota bambu selatan,1102,988,1150,1132,1133,1067,938,969,949,941,1068,992,1270,1240,1211,1118,1059,952,896,790,710,667,501,483,298,309,170,213,126,136,94,92
2014,jakarta barat,kembangan,kembangan utara,2739,2444,2831,2656,2667,2522,2309,2229,2356,2292,2598,2679,3062,2980,2833,2815,2484,2258,2017,1869,1654,1493,1116,1011,751,596,334,335,191,194,165,185
2014,jakarta barat,kembangan,meruya utara,1928,1690,2036,1851,1890,1726,1585,1508,1706,1670,2054,2085,2453,2540,2257,2159,1970,1758,1595,1382,1146,1177,956,1120,864,815,521,450,236,208,171,223
2014,jakarta barat,kembangan,meruya selatan,1450,1243,1511,1426,1385,1355,1186,1110,1198,1186,1262,1386,1603,1629,1499,1450,1356,1216,1096,986,787,824,632,676,482,411,252,243,166,112,95,119
2014,jakarta barat,kembangan,srengseng,2002,1929,2196,2082,2128,1922,1817,1713,1903,1806,2026,2016,2278,2287,2275,2228,1915,1839,1606,1483,1241,1178,920,919,682,604,377,349,218,183,147,163
2014,jakarta barat,kembangan,joglo,1801,1750,2004,1942,1970,1706,1672,1527,1550,1536,1706,1820,2086,2251,2069,2013,1730,1663,1524,1346,1053,1092,815,971,758,679,393,354,226,180,144,161
2014,jakarta barat,kembangan,kembangan selatan,1086,1035,1132,1043,1092,1076,944,969,1134,1154,1230,1258,1325,1439,1257,1147,1010,995,903,889,809,866,688,649,487,421,286,241,144,121,103,166
2014,jakarta selatan,tebet,tebet timur,641,615,752,745,896,835,836,713,614,624,626,728,776,808,793,869,877,992,918,955,760,713,534,545,372,373,199,323,184,247,201,311
2014,jakarta selatan,tebet,tebet barat,796,747,914,860,1044,959,913,913,839,788,787,849,961,1031,1019,997,1037,1132,1085,1039,883,888,565,613,437,469,240,323,204,267,228,289
2014,jakarta selatan,tebet,menteng dalam,1729,1674,1899,1757,1837,1752,1613,1486,1449,1398,1516,1617,2025,2033,1979,1921,1938,1803,1618,1589,1268,1227,854,867,635,628,333,389,236,285,206,242
2014,jakarta selatan,tebet,kebon baru,1715,1626,1976,1726,1788,1660,1532,1384,1405,1417,1536,1473,1902,1939,1943,1961,1896,1760,1544,1370,1135,1185,843,940,644,662,375,463,269,341,221,283
2014,jakarta selatan,tebet,bukit duri,1773,1547,1863,1739,1873,1691,1703,1588,1565,1526,1613,1605,1873,1800,1842,1753,1728,1707,1637,1511,1319,1300,998,1005,689,699,348,423,248,317,237,335
2014,jakarta selatan,tebet,manggarai selatan,1111,992,1139,1115,1201,1139,1042,911,954,938,963,989,1204,1193,1206,1271,1205,1148,1106,1036,819,795,599,619,387,416,215,297,193,229,139,183
2014,jakarta selatan,tebet,manggarai,1345,1263,1526,1410,1574,1470,1337,1316,1329,1190,1272,1255,1486,1531,1519,1475,1439,1324,1321,1272,1060,1062,790,828,546,548,301,294,176,262,184,245
2014,jakarta selatan,setia budi,setia budi,123,127,137,151,166,143,154,117,115,117,117,135,182,171,164,156,149,167,163,171,116,122,101,79,59,54,27,39,18,33,37,35
2014,jakarta selatan,setia budi,karet semanggi,77,74,135,108,100,103,123,80,98,96,125,115,127,138,111,131,137,120,120,106,92,96,71,64,54,58,33,42,30,26,17,33
2014,jakarta selatan,setia budi,karet kuningan,733,658,762,690,761,718,688,677,688,690,725,735,864,853,827,842,771,726,692,652,536,571,438,388,300,261,130,131,79,127,101,115
2014,jakarta selatan,setia budi,karet,441,404,541,500,527,463,453,400,414,373,435,411,553,586,567,554,581,583,531,453,402,376,267,253,160,189,102,160,83,103,72,108
2014,jakarta selatan,setia budi,menteng atas,1324,1181,1519,1343,1381,1347,1142,1205,1052,1096,1094,1191,1486,1571,1509,1582,1471,1412,1267,1211,972,994,713,725,455,489,258,318,189,252,162,208
2014,jakarta selatan,setia budi,pasar manggis,1281,1244,1419,1336,1329,1269,1261,1150,1222,1072,1311,1313,1475,1475,1423,1417,1319,1226,1169,1064,1010,957,675,723,501,444,237,291,145,198,109,153
2014,jakarta selatan,setia budi,guntur,118,128,163,155,179,177,173,161,131,160,175,150,164,204,208,223,187,194,201,201,171,159,124,153,118,126,72,78,56,52,38,80
2014,jakarta selatan,setia budi,kuningan timur,279,225,302,284,323,284,261,258,254,283,283,266,355,312,302,305,333,310,255,233,215,191,157,127,104,99,54,76,51,45,61,47
2014,jakarta selatan,mampang prapatan,mampang prapatan,955,880,1006,962,935,866,794,782,813,782,847,876,1054,1036,1058,977,962,883,795,726,605,604,450,401,267,270,168,177,112,149,92,80
2014,jakarta selatan,mampang prapatan,bangka,1001,922,1087,1042,1086,1033,999,862,957,915,920,991,1176,1132,1112,1088,1045,1029,971,932,785,735,567,495,311,265,171,165,94,134,108,112
2014,jakarta selatan,mampang prapatan,pela mampang,2078,1881,2232,2141,2260,2070,1974,1916,1818,1770,1946,1991,2415,2441,2468,2300,2313,2189,2051,1814,1494,1496,1150,1119,739,709,411,436,321,283,208,269
2014,jakarta selatan,mampang prapatan,tegal parang,1656,1539,1779,1671,1643,1542,1420,1315,1419,1367,1609,1550,1877,1786,1782,1675,1592,1433,1355,1147,1047,958,696,687,470,460,240,270,172,152,118,128
2014,jakarta selatan,mampang prapatan,kuningan barat,647,533,647,635,669,602,568,523,566,544,585,576,793,704,721,664,688,589,633,490,436,398,324,295,224,216,106,109,68,70,47,37
2014,jakarta selatan,pasar minggu,pasar minggu,1070,1029,1277,1107,1187,1143,1099,1007,1302,936,1024,1025,1222,1254,1299,1319,1222,1245,1085,1058,858,827,533,545,416,473,268,394,278,262,224,219
2014,jakarta selatan,pasar minggu,jati padang,1728,1639,1919,1792,1821,1771,1527,1510,1488,1489,1657,1677,2016,2085,1990,1939,1791,1681,1464,1387,1117,1198,874,929,644,591,335,389,246,250,199,231
2014,jakarta selatan,pasar minggu,cilandak timur,1264,1100,1288,1280,1244,1109,968,937,1068,958,1295,1140,1501,1384,1390,1363,1230,1140,1042,887,728,711,569,494,287,340,204,190,154,121,91,90
2014,jakarta selatan,pasar minggu,ragunan,1862,1683,2097,1794,1966,1845,1654,1552,1487,1493,1682,1751,2151,2175,2270,2207,2002,1875,1667,1564,1200,1258,882,946,652,636,374,419,293,264,197,231
2014,jakarta selatan,pasar minggu,pejaten timur,2802,2692,3176,2944,2971,2830,2475,2417,2430,2362,2661,2672,3279,3165,3208,2972,2824,2741,2398,2178,1792,1775,1256,1255,921,836,484,527,345,341,219,277
2014,jakarta selatan,pasar minggu,pejaten barat,1664,1613,1905,1707,1827,1688,1579,1556,1544,1456,1662,1656,1977,2036,2010,1880,1767,1699,1566,1447,1227,1163,807,934,616,562,365,384,272,261,194,206
2014,jakarta selatan,pasar minggu,kebagusan,2235,2027,2321,2154,2117,2091,1842,1788,1843,1746,1951,1999,2317,2387,2338,2268,1950,1821,1621,1475,1223,1304,901,904,634,542,344,289,183,185,131,131
2014,jakarta selatan,kebayoran lama,kebayoran lama utara,2021,1946,2353,2154,2214,2027,1792,1745,1765,1681,1960,1962,2536,2402,2604,2414,2288,2026,1877,1605,1382,1296,980,996,760,717,453,425,285,251,170,215
2014,jakarta selatan,kebayoran lama,pondok pinang,2570,2380,2631,2552,2697,2605,2365,2230,2193,2137,2408,2567,2885,2931,2856,2854,2636,2534,2254,2216,1767,1850,1341,1414,1036,1077,693,733,487,441,440,475
2014,jakarta selatan,kebayoran lama,cipulir,1812,1743,2007,1994,1982,1924,1634,1592,1584,1504,1650,1682,2042,2124,2201,2100,1998,1809,1677,1494,1245,1182,917,861,590,592,370,386,266,225,163,161
2014,jakarta selatan,kebayoran lama,grogol utara,1946,1786,2180,1974,2137,2043,1848,1759,1742,1764,1869,1861,2321,2238,2239,2219,2136,2014,1893,1745,1487,1381,1027,919,711,632,387,453,287,325,237,249
2014,jakarta selatan,kebayoran lama,grogol selatan,1960,1877,2163,2161,2187,2040,1930,1763,1854,1761,1907,1899,2344,2280,2270,2267,2224,2111,1959,1735,1551,1382,1072,1029,681,698,398,425,290,267,207,247
2014,jakarta selatan,kebayoran lama,kebayoran lama selatan,1916,1724,2163,1979,1977,1866,1700,1593,1455,1481,1599,1697,2151,2154,2380,2239,2160,2073,1850,1589,1268,1297,960,1014,732,702,443,535,364,278,213,195
2014,jakarta selatan,cilandak,cilandak barat,2198,2127,2578,2366,2642,2449,2167,2098,1998,2075,2197,2239,2679,2726,2671,2707,2683,2598,2374,2261,1841,1718,1289,1326,906,863,508,581,389,438,381,428
2014,jakarta selatan,cilandak,lebak bulus,1523,1429,1744,1632,1820,1762,1599,1525,1417,1439,1500,1588,1758,1826,1822,1886,1739,1672,1502,1358,1155,1224,889,902,702,624,390,385,241,254,260,289
2014,jakarta selatan,cilandak,pondok labu,1987,1917,2393,2229,2330,2287,1909,1750,1641,1708,1681,1835,2280,2457,2318,2416,2239,2212,2002,1691,1391,1365,960,959,688,653,427,514,378,364,289,256
2014,jakarta selatan,cilandak,gandaria selatan,995,870,1128,1009,1112,1055,936,937,813,861,880,975,1164,1154,1135,1183,1045,1055,1021,902,793,752,513,487,335,303,167,240,135,164,127,177
2014,jakarta selatan,cilandak,cipete selatan,1180,1092,1266,1244,1335,1291,1233,1128,1144,1108,1205,1197,1427,1384,1349,1326,1316,1324,1189,1188,1072,952,631,629,439,382,260,277,162,194,166,221
2014,jakarta selatan,kebayoran baru,melawai,72,83,108,94,101,103,118,117,117,119,127,131,122,128,116,120,117,139,127,135,146,132,96,116,89,67,37,46,28,36,52,79
2014,jakarta selatan,kebayoran baru,gunung,330,332,434,404,450,454,417,406,379,383,370,383,430,416,408,434,439,443,474,464,388,339,270,281,195,191,118,124,89,97,110,163
2014,jakarta selatan,kebayoran baru,kramat pela,569,543,714,594,700,674,616,636,572,556,651,651,785,702,738,647,642,665,637,617,551,512,415,367,280,248,126,152,100,110,98,139
2014,jakarta selatan,kebayoran baru,selong,111,104,161,145,143,159,146,151,119,111,122,111,143,151,159,171,166,177,191,189,165,143,113,125,80,102,46,45,38,48,71,95
2014,jakarta selatan,kebayoran baru,rawa barat,204,189,268,202,267,240,282,227,209,223,233,231,255,271,269,256,243,273,270,297,256,261,202,206,110,150,88,97,47,60,56,121
2014,jakarta selatan,kebayoran baru,senayan,130,156,179,164,178,163,148,150,127,151,157,139,187,195,176,196,187,179,185,157,158,140,119,100,70,66,37,42,29,35,42,58
2014,jakarta selatan,kebayoran baru,pulo,194,186,259,225,278,319,260,274,239,215,228,253,266,281,252,304,286,301,266,322,277,293,215,227,163,152,75,99,52,68,49,113
2014,jakarta selatan,kebayoran baru,petogogan,493,513,548,528,604,552,512,474,425,457,535,515,743,615,624,541,619,544,576,502,456,409,357,344,239,235,119,157,86,115,92,146
2014,jakarta selatan,kebayoran baru,gandaria utara,1732,1660,1962,1822,1936,1926,1704,1626,1535,1501,1644,1695,2165,2104,2038,2048,2050,2084,1866,1750,1408,1289,1044,1044,669,728,431,486,305,348,251,304
2014,jakarta selatan,kebayoran baru,cipete utara,1600,1460,1708,1710,1708,1668,1461,1418,1379,1355,1434,1436,1857,1784,1896,1812,1744,1592,1518,1318,1168,1016,769,721,536,493,290,303,226,211,151,177
2014,jakarta selatan,pancoran,pancoran,948,936,986,908,949,857,792,746,721,699,873,875,1018,999,1017,1049,934,862,732,649,551,582,436,478,303,304,193,168,104,105,88,77
2014,jakarta selatan,pancoran,kalibata,2059,1943,2143,2108,2105,1992,1778,1633,1621,1745,1881,1913,2341,2384,2266,2229,2195,1901,1724,1591,1232,1260,893,961,628,635,415,475,305,277,216,219
2014,jakarta selatan,pancoran,rawa jati,879,786,891,805,881,786,716,736,682,668,834,871,997,980,971,987,935,908,805,715,574,532,384,459,319,307,185,215,143,135,94,85
2014,jakarta selatan,pancoran,duren tiga,1286,1138,1530,1328,1427,1295,1255,1189,1183,1087,1219,1201,1442,1515,1532,1449,1503,1412,1312,1167,997,921,647,590,425,445,262,341,230,222,166,193
2014,jakarta selatan,pancoran,pengadegan,889,874,955,981,920,923,844,822,799,785,855,937,1126,1085,1115,1019,1005,980,896,854,675,710,493,473,363,316,218,214,130,150,115,128
2014,jakarta selatan,pancoran,cikoko,555,503,544,511,498,493,436,438,396,404,477,501,631,636,672,602,530,519,465,435,355,364,259,277,192,190,119,122,79,62,44,57
2014,jakarta selatan,jagakarsa,jagakarsa,2837,2615,3031,2920,2978,2708,2452,2424,2362,2298,2376,2465,3065,3166,2981,2948,2659,2617,2280,2024,1682,1705,1296,1313,845,706,448,450,284,250,170,206
2014,jakarta selatan,jagakarsa,srengseng sawah,2717,2534,2943,2880,2882,2758,2468,2305,2400,2143,2397,2312,2817,2964,2827,2865,2730,2651,2365,2114,1603,1563,1130,1137,799,804,451,587,413,316,250,221
2014,jakarta selatan,jagakarsa,ciganjur,1713,1615,1820,1756,1841,1658,1425,1449,1387,1370,1400,1484,1928,1960,1850,1835,1720,1579,1412,1233,1042,953,719,691,522,422,261,248,161,131,113,112
2014,jakarta selatan,jagakarsa,lenteng agung,2504,2445,2839,2524,2684,2533,2214,2138,2221,2034,2231,2328,2882,2821,2675,2695,2376,2228,1974,1855,1527,1552,1105,1213,927,790,459,414,271,232,157,196
2014,jakarta selatan,jagakarsa,tanjung barat,1897,1781,1942,1939,1968,1857,1703,1550,1633,1553,1649,1757,2020,2090,2037,1985,1841,1727,1504,1390,1112,1136,824,843,600,556,319,328,229,217,149,155
2014,jakarta selatan,jagakarsa,cipedak,1606,1572,1807,1727,1794,1703,1561,1466,1365,1406,1340,1456,1670,1789,1703,1793,1575,1515,1399,1192,1008,942,763,733,484,356,229,201,131,124,105,135
2014,jakarta selatan,pesanggrahan,pesanggrahan,1366,1231,1373,1387,1370,1317,1162,1069,1090,975,1133,1168,1456,1473,1470,1525,1288,1195,1101,1013,727,670,546,621,436,493,278,316,235,172,111,120
2014,jakarta selatan,pesanggrahan,bintaro,2237,2069,2525,2362,2724,2516,2126,2079,1953,1993,2015,2207,2594,2728,2699,2589,2549,2384,2243,1896,1537,1492,1195,1178,855,812,494,515,342,313,243,311
2014,jakarta selatan,pesanggrahan,petukangan utara,2484,2428,2797,2595,2671,2473,2235,2091,2049,1980,2230,2339,2889,3013,2770,2854,2450,2220,2035,1893,1420,1428,1140,1306,919,855,524,449,303,240,166,183
2014,jakarta selatan,pesanggrahan,petukangan selatan,1619,1517,1736,1683,1793,1687,1457,1441,1425,1519,1591,1587,2011,1948,1809,1742,1610,1504,1324,1289,1039,1045,860,880,624,557,330,300,188,176,113,172
2014,jakarta selatan,pesanggrahan,ulujami,2024,1939,2087,2043,2101,1962,1693,1662,1573,1528,1757,1809,2280,2288,2318,2184,2028,1821,1609,1449,1210,1127,894,910,638,576,416,340,237,228,160,149
2014,jakarta timur,matraman,pisangan baru,1439,1351,1644,1565,1711,1614,1423,1370,1363,1349,1446,1379,1665,1706,1681,1628,1634,1547,1456,1420,1190,1120,875,856,568,554,306,395,211,275,156,270
2014,jakarta timur,matraman,utan kayu utara,1352,1260,1471,1347,1501,1303,1193,1116,1159,1173,1283,1275,1490,1565,1585,1488,1491,1405,1252,1197,1010,926,740,711,472,491,259,324,203,219,155,197
2014,jakarta timur,matraman,kayu manis,1175,1148,1304,1285,1362,1226,1170,1025,1079,1034,1164,1191,1406,1369,1338,1315,1275,1292,1155,1181,914,919,691,712,480,469,255,278,172,213,116,196
2014,jakarta timur,matraman,pal meriam,863,854,929,941,939,927,887,817,894,855,962,986,1164,1147,1103,1077,1048,959,932,859,806,731,575,557,362,404,220,258,139,179,130,206
2014,jakarta timur,matraman,kebon manggis,760,621,779,704,874,811,760,722,781,694,808,669,792,815,794,860,853,798,818,812,684,707,492,494,335,350,175,249,149,181,108,192
2014,jakarta timur,matraman,utan kayu selatan,1582,1432,1713,1625,1646,1525,1423,1323,1264,1286,1351,1402,1681,1798,1810,1757,1638,1658,1553,1485,1216,1218,869,858,589,675,385,441,272,330,247,276
2014,jakarta timur,pulo gadung,pulo gadung,1547,1426,1725,1618,1637,1584,1407,1389,1438,1395,1686,1691,2062,1975,2063,1838,1791,1630,1554,1330,1150,1058,808,728,565,528,334,379,216,214,198,198
2014,jakarta timur,pulo gadung,pisangan timur,1929,1826,2181,2014,2111,2034,1865,1752,1773,1697,1952,1863,2272,2220,2178,2181,2193,2021,1852,1822,1523,1376,1063,1064,719,767,391,428,284,304,198,344
2014,jakarta timur,pulo gadung,cipinang,1799,1743,2086,1836,2049,1846,1800,1625,1645,1619,1802,1762,2163,2101,2127,2098,2049,2057,1882,1850,1462,1355,989,946,624,706,394,558,347,391,280,300
2014,jakarta timur,pulo gadung,jatinegara kaum,1198,1020,1244,1122,1169,1115,992,984,1053,974,1053,1097,1347,1259,1255,1159,1141,1058,950,860,798,726,528,477,311,318,201,187,117,88,69,89
2014,jakarta timur,pulo gadung,rawamangun,1688,1607,1937,1894,1805,1766,1569,1534,1496,1452,1654,1628,2074,2021,1998,2006,1957,1910,1785,1673,1252,1290,913,931,649,680,404,489,306,379,313,378
2014,jakarta timur,pulo gadung,kayu putih,1835,1696,2015,1896,2002,1896,1703,1589,1628,1554,1859,1896,2346,2377,2321,2314,2193,2233,1891,1793,1343,1262,909,980,727,850,546,669,406,434,336,363
2014,jakarta timur,pulo gadung,jati,1390,1259,1520,1386,1631,1501,1397,1353,1215,1263,1291,1392,1626,1697,1782,1763,1790,1743,1474,1490,1131,1113,812,835,644,692,393,583,369,385,320,377
2014,jakarta timur,jatinegara,kampung melayu,1403,1298,1436,1362,1433,1285,1160,1129,1257,1205,1309,1310,1573,1394,1338,1178,1227,1028,1030,1004,870,886,705,620,464,393,215,295,147,167,134,161
2014,jakarta timur,jatinegara,bidara cina,1731,1565,1876,1785,1930,1830,1651,1552,1657,1630,1743,1726,2114,2069,2001,2032,1899,1789,1781,1542,1364,1393,972,1038,646,713,344,440,268,318,207,314
2014,jakarta timur,jatinegara,bali mester,358,333,413,429,482,425,444,414,426,406,420,416,491,440,416,464,434,427,462,465,427,391,345,325,245,233,156,160,84,100,92,132
2014,jakarta timur,jatinegara,rawa bunga,1058,921,1132,1014,1085,1020,889,915,907,888,1006,975,1117,1118,1122,966,973,990,879,820,722,738,584,597,419,389,199,262,134,187,134,167
2014,jakarta timur,jatinegara,cipinang cempedak,1366,1306,1589,1437,1618,1484,1474,1377,1391,1333,1433,1366,1639,1623,1646,1670,1637,1667,1576,1569,1281,1298,943,965,703,695,417,513,267,400,296,428
2014,jakarta timur,jatinegara,cipinang muara,2601,2485,2827,2691,2771,2538,2241,2086,2322,2122,2525,2584,3271,3218,3144,3132,2774,2440,2106,2068,1720,1715,1377,1544,1108,1082,748,719,519,457,377,335
2014,jakarta timur,jatinegara,cipinang besar selatan,1688,1630,1872,1696,1747,1686,1611,1485,1521,1426,1631,1658,1972,1912,1913,1792,1696,1541,1404,1265,1040,1012,818,802,549,534,326,346,229,222,154,199
2014,jakarta timur,jatinegara,cipinang besar utara,2449,2310,2731,2454,2579,2394,2314,2033,2228,2141,2478,2211,2794,2763,2786,2409,2303,2065,1960,1877,1484,1495,1189,1160,796,767,446,457,313,335,223,255
2014,jakarta timur,kramat jati,kramat jati,1617,1450,1734,1588,1739,1689,1532,1395,1612,1420,1625,1517,1852,1873,1901,1790,1702,1581,1439,1419,1141,1141,850,816,516,481,263,338,222,216,150,228
2014,jakarta timur,kramat jati,kampung tengah,2176,1993,2394,2205,2299,2172,1980,1875,2004,1870,2111,2118,2400,2299,2290,2089,1912,1746,1753,1665,1336,1323,928,949,673,620,357,339,241,199,141,193
2014,jakarta timur,kramat jati,dukuh,1228,1154,1347,1184,1166,1125,982,959,1016,968,1108,1164,1324,1348,1283,1186,1104,1042,960,882,701,701,526,579,393,314,192,186,138,115,83,108
2014,jakarta timur,kramat jati,batu ampar,2342,2158,2560,2326,2268,2249,1930,1886,1901,1859,2029,2131,2537,2598,2531,2481,2211,2113,1840,1689,1397,1409,983,996,830,715,429,408,248,245,175,193
2014,jakarta timur,kramat jati,bale kambang,1341,1240,1472,1242,1475,1342,1131,1102,1141,1154,1318,1219,1489,1483,1431,1378,1287,1246,1070,1001,809,811,635,610,466,404,242,215,128,126,88,111
2014,jakarta timur,kramat jati,cililitan,1980,1839,2242,2027,2061,1884,1805,1649,1711,1744,1936,1935,2367,2326,2274,2132,2017,1923,1741,1649,1295,1302,988,1040,682,733,418,482,268,269,202,240
2014,jakarta timur,kramat jati,cawang,1675,1540,1781,1563,1668,1556,1380,1413,1468,1380,1701,1617,1991,1954,1913,1813,1762,1581,1449,1364,1153,1139,857,841,605,556,319,361,220,258,167,214
2014,jakarta timur,pasar rebo,gedong,1620,1441,1791,1730,1729,1654,1494,1460,1491,1437,1562,1603,1874,1848,1807,1763,1609,1650,1458,1330,1129,1019,786,812,610,618,323,298,231,210,153,201
2014,jakarta timur,pasar rebo,baru,1285,1105,1450,1302,1363,1170,943,910,1121,910,1083,1157,1235,1449,1599,1399,1214,1056,812,887,729,606,495,420,251,235,152,156,88,79,54,57
2014,jakarta timur,pasar rebo,cijantung,1883,1734,1986,1966,1964,1954,1668,1611,1773,1716,1901,1919,2254,2271,2058,2021,1830,1830,1593,1538,1255,1238,961,986,742,578,362,292,184,155,136,137
2014,jakarta timur,pasar rebo,kalisari,1933,1774,2113,1983,2166,2064,1907,1831,1924,1834,2009,1983,2208,2144,2067,1921,1859,1785,1606,1620,1306,1354,1119,879,665,558,283,298,207,171,107,122
2014,jakarta timur,pasar rebo,pekayon,2130,2010,2220,2166,1998,1980,1756,1671,1805,1803,1984,2056,2508,2487,2241,2132,1847,1741,1593,1493,1217,1199,1028,957,642,515,300,269,171,127,91,131
2014,jakarta timur,cakung,jatinegara,4478,4087,4832,4490,4466,4064,3535,3295,3718,3587,4093,4174,5447,5318,4949,4685,4241,3765,3449,2848,2274,2019,1530,1269,949,662,391,333,243,232,156,178
2014,jakarta timur,cakung,rawa terate,1434,1339,1518,1399,1393,1282,1112,1072,1274,1163,1492,1337,1859,1670,1570,1401,1345,1175,1085,885,772,727,631,458,352,233,138,100,62,89,65,65
2014,jakarta timur,cakung,penggilingan,4722,4387,5167,4919,5008,4737,4114,3919,4091,4109,4611,4578,5654,5546,4907,4697,4294,3895,3636,3164,2568,2679,2137,2006,1484,1171,721,507,350,286,221,229
2014,jakarta timur,cakung,cakung timur,2939,2681,3091,2896,2857,2780,2441,2402,2545,2429,2804,2838,3550,3516,3016,3000,2575,2411,2149,1887,1436,1501,1294,1148,885,606,360,292,191,144,117,104
2014,jakarta timur,cakung,pulo gebang,4245,3928,4737,4312,4544,4380,3859,3597,4003,3963,4221,4334,4912,5037,4389,4290,3882,3676,3334,3135,2556,2652,2170,2118,1660,1311,747,571,458,307,240,245
2014,jakarta timur,cakung,ujung menteng,1390,1264,1507,1431,1467,1365,1287,1140,1221,1251,1376,1298,1563,1616,1479,1487,1346,1301,1151,1054,872,830,673,630,425,342,216,202,122,97,70,88
2014,jakarta timur,cakung,cakung barat,3017,2814,3390,3203,3031,2864,2413,2170,2450,2332,2826,2721,3668,3855,3479,3458,2882,2588,2099,1774,1324,1190,955,880,638,443,287,244,149,135,104,107
2014,jakarta timur,duren sawit,duren sawit,2607,2448,2977,2724,2859,2903,2504,2446,2360,2413,2615,2746,3468,3394,3273,3227,2862,2748,2258,2184,1805,1856,1405,1470,1110,1159,692,679,450,403,265,286
2014,jakarta timur,duren sawit,pondok bambu,2802,2598,3044,2942,2963,2726,2421,2229,2434,2315,2802,2703,3512,3485,3421,3243,2971,2718,2420,2149,1803,1756,1360,1548,1189,1087,718,676,429,372,273,282
2014,jakarta timur,duren sawit,klender,3614,3149,3825,3622,3605,3339,2886,2815,2925,2889,3424,3338,3992,4029,4037,3721,3483,2980,2665,2516,2023,2045,1657,1638,1179,1143,709,615,467,415,256,305
2014,jakarta timur,duren sawit,pondok kelapa,3000,2753,3230,3138,3382,3243,2774,2698,2787,2803,3086,3233,3698,3745,3551,3449,3165,2943,2577,2467,1906,2091,1706,1861,1431,1267,845,665,480,375,275,334
2014,jakarta timur,duren sawit,malaka sari,1332,1102,1496,1336,1417,1348,1107,1013,980,993,1134,1182,1469,1642,1612,1714,1563,1475,1210,1125,768,910,641,805,551,783,487,524,370,266,196,194
2014,jakarta timur,duren sawit,malaka jaya,1464,1390,1761,1591,1593,1550,1226,1107,1028,1052,1130,1237,1582,1778,1915,1996,1859,1730,1368,1268,846,908,602,799,510,795,479,617,461,341,222,220
2014,jakarta timur,duren sawit,pondok kopi,1466,1407,1775,1621,1678,1635,1504,1468,1486,1457,1620,1735,2061,1992,1689,1629,1479,1450,1304,1288,1007,1056,882,919,686,645,363,300,204,186,114,135
2014,jakarta timur,makasar,makasar,1684,1599,1697,1630,1700,1429,1411,1403,1450,1449,1542,1595,1915,1945,1901,1782,1551,1490,1291,1310,1055,1139,824,873,665,592,364,314,223,175,120,142
2014,jakarta timur,makasar,pinang ranti,1253,1149,1329,1312,1317,1229,1108,1080,1124,1090,1160,1202,1406,1390,1349,1302,1142,1101,940,957,767,720,572,552,423,350,185,172,117,95,58,69
2014,jakarta timur,makasar,kebon pala,2327,2094,2433,2205,2204,2145,1924,1756,1946,1908,2103,2144,2680,2692,2719,2538,2323,2196,1897,1730,1431,1369,1063,1116,876,771,445,414,278,237,175,163
2014,jakarta timur,makasar,halim perdana kusumah,1314,1264,1520,1501,1735,1574,1448,1373,1369,1221,1584,1376,1364,1481,1431,1536,1614,1633,1367,1359,1126,930,704,484,318,294,159,173,127,98,56,69
2014,jakarta timur,makasar,cipinang melayu,1878,1813,2197,1973,2152,2055,1826,1702,1703,1688,1785,1937,2315,2323,2255,2145,1998,1839,1743,1725,1353,1431,1097,1164,825,737,464,415,296,267,242,258
2014,jakarta timur,ciracas,ciracas,3050,2765,3246,3115,3240,3065,2819,2696,2906,2692,2965,3153,3641,3444,3310,3070,2817,2735,2478,2411,2013,1996,1485,1552,1100,820,456,334,200,206,156,160
2014,jakarta timur,ciracas,cibubur,2940,2799,3329,3123,3339,3105,2795,2609,2790,2705,2888,2985,3417,3569,3283,3324,3011,2822,2574,2457,1975,2046,1566,1587,1117,1021,585,593,460,293,225,273
2014,jakarta timur,ciracas,kelapa dua wetan,2097,1902,2243,2116,1990,2041,1870,1819,1877,1979,2144,2195,2492,2507,2263,2258,1867,1783,1687,1595,1274,1410,1131,1199,841,666,374,342,206,174,118,153
2014,jakarta timur,ciracas,susukan,1935,1712,1954,1777,1750,1684,1539,1471,1638,1536,1877,1851,2290,2161,2014,1830,1776,1511,1476,1333,1123,1058,824,824,628,491,281,276,173,130,92,114
2014,jakarta timur,ciracas,rambutan,1734,1660,1944,1837,1906,1746,1539,1493,1616,1589,1762,1697,2133,2071,1883,1832,1694,1618,1438,1285,1090,1016,778,830,603,524,312,260,167,140,118,106
2014,jakarta timur,cipayung,cipayung,1133,1092,1298,1121,1255,1111,1090,953,1096,1048,1126,1120,1323,1297,1243,1176,1071,1074,975,888,732,745,540,493,392,306,202,180,114,109,75,114
2014,jakarta timur,cipayung,cilangkap,1187,1113,1390,1258,1424,1269,1140,1104,1151,1139,1087,1117,1240,1263,1261,1318,1215,1132,1029,969,749,630,455,437,290,261,181,146,83,90,45,74
2014,jakarta timur,cipayung,pondok ranggon,1074,994,1292,1158,1233,1210,1072,1052,1089,1056,1031,1135,1222,1259,1156,1100,949,964,984,873,724,657,492,440,299,247,157,109,86,108,44,84
2014,jakarta timur,cipayung,munjul,1078,1016,1170,1117,1180,1075,994,916,968,953,983,1041,1213,1221,1173,1148,1035,1000,863,820,687,655,512,508,345,317,159,160,137,90,59,57
2014,jakarta timur,cipayung,setu,871,792,979,877,986,922,801,742,761,827,769,753,938,910,907,915,848,822,728,655,534,491,375,365,287,230,136,125,65,78,56,73
2014,jakarta timur,cipayung,bambu apus,1178,1127,1229,1184,1228,1176,1096,1038,1069,1084,1126,1131,1266,1283,1234,1171,1069,1066,992,906,770,830,568,551,411,250,180,165,117,101,77,79
2014,jakarta timur,cipayung,lubang buaya,3040,2793,3083,3066,3183,3030,2679,2547,2633,2600,2880,2845,3267,3319,3213,3041,2775,2641,2342,2259,1815,1847,1357,1334,1053,800,462,399,288,271,186,182
2014,jakarta timur,cipayung,ceger,832,747,932,848,913,857,764,742,795,713,787,823,925,979,971,932,849,737,696,666,496,487,391,388,297,242,121,143,90,62,56,41