Tahun,Kabupaten,Kecamatan,Kelurahan,Belum/Tidak Bekerja,Mengurus Rumah Tangga,Pelajar/Mahasiswa,Pensiunan,Pegawai Negeri Sipil,Tentara Nasional Indonesia,Kepolisian RI,Perdagangan,Petani/Pekebun/Peternak,Nelayan/Perikanan,Industri,Konstruksi,Transportasi,Karyawan Swasta,Karyawan BUMN,Karyawan BUMD,Karyawan Honorer,Buruh Harian Lepas,Buruh Tani/Perkebunan,Buruh Nelayan/Perikanan,Buruh Peternakan,Pembantu Rumah Tangga,Tukang Cukur,Tukang Listrik,Tukang Batu,Tukang Kayu,Tukang Sol Sepatu,Tukang Las/Pandai Besi,Tukang Jahit,Tukang Gigi,Penata Rias,Penata Busana,Penata Rambut,Mekanik,Seniman,Tabib,Paraji,Perancang Busana,Penterjemah,Imam Mesjid,Pendeta,Pastor,Wartawan,Ustadz/Mubaligh,Juru Masak,Promotor Acara,Anggota DPR-RI,Anggota DPD,Anggota BPK,Wakil Presiden,Anggota Mahkamah Konstitusi,Anggota Kabinet/Kementerian,Duta Besar,Gubernur,Wakil Gubernur,Bupati,Walikota,Anggota DPRD Provinsi,Anggota DPRD Kabupaten/Kota,Dosen,Guru,Pilot,Pengacara,Notaris,Arsitek,Akuntan,Konsultan,Dokter,Bidan,Perawat,Apoteker,Psikiater/Psikolog,Penyiar Televisi,Penyiar Radio,Pelaut,Peneliti,Sopir,Pialang,Paranormal,Pedagang,Perangkat Desa,Kepala Desa,Biarawati,Wiraswasta,Lainnya
2013,jakarta pusat,gambir,gambir,356,588,802,87,88,148,2,2,2,0,1,0,0,959,10,1,8,16,0,0,0,2,0,0,0,1,0,0,0,0,0,0,0,0,0,0,0,0,0,0,11,0,1,0,0,0,0,0,0,0,0,0,0,0,0,0,0,0,0,3,21,1,3,0,0,0,2,10,3,3,0,1,0,0,3,0,4,0,0,44,0,0,0,258,41
2013,jakarta pusat,gambir,cideng,2123,3652,4157,255,173,14,205,6,2,0,4,11,3,5730,27,5,16,153,1,0,0,2,0,0,0,0,0,0,2,0,0,0,0,8,7,0,0,0,0,0,11,0,11,0,1,0,2,0,0,0,1,0,0,0,0,0,0,0,0,24,80,2,16,5,1,0,5,85,3,8,1,0,0,0,4,0,53,0,1,171,0,0,1,997,328
2013,jakarta pusat,gambir,petojo utara,2809,4298,4914,122,82,13,8,0,2,0,0,1,0,6978,18,0,7,333,0,0,0,8,0,0,0,0,0,0,8,0,1,0,2,10,9,0,0,1,0,0,21,28,6,1,0,0,0,0,0,0,0,0,0,0,0,0,0,0,0,10,83,0,4,5,4,2,5,65,3,5,1,0,0,0,2,0,69,0,0,279,0,1,2,917,112
2013,jakarta pusat,gambir,petojo selatan,2063,3297,3668,133,166,444,12,5,2,1,6,2,1,4924,22,2,0,238,0,0,0,9,0,0,0,0,0,0,7,0,0,0,1,4,8,0,0,0,0,0,12,1,5,0,0,0,0,0,0,0,0,0,0,0,0,0,0,0,0,12,61,0,11,3,3,0,3,59,4,5,0,0,0,0,3,0,76,0,1,108,0,0,0,880,218
2013,jakarta pusat,gambir,kebon kelapa,1561,2650,2919,64,60,10,5,1,2,0,1,5,0,3620,15,1,2,310,0,0,0,1,0,0,0,0,0,0,1,0,0,0,0,1,10,0,0,0,1,0,6,0,3,0,0,0,2,1,0,0,0,0,0,0,0,0,0,0,0,11,31,0,6,0,0,0,0,22,1,1,0,0,0,0,1,0,37,0,0,176,0,0,23,684,135
2013,jakarta pusat,gambir,duri pulo,3811,5432,5904,159,391,15,14,0,2,0,5,4,3,7125,35,0,12,429,0,0,0,6,1,0,0,0,0,0,24,2,0,0,0,9,3,0,0,1,0,0,8,0,10,2,0,0,0,0,0,0,0,0,0,0,0,0,0,0,0,8,143,0,0,2,0,0,4,27,6,11,0,1,0,0,0,0,176,0,0,388,0,0,1,1173,299
2013,jakarta pusat,sawah besar,pasar baru,1925,3354,3224,66,60,69,4,1,2,1,2,2,0,4221,10,0,11,263,0,0,0,7,0,0,0,0,0,0,2,0,0,0,0,5,1,0,0,0,2,0,20,8,3,0,0,0,0,0,0,0,0,0,0,0,0,0,0,0,0,11,65,0,7,5,2,0,3,66,0,1,0,0,0,0,0,1,73,0,0,427,0,0,23,994,170
2013,jakarta pusat,sawah besar,karang anyar,4408,7198,7212,53,84,22,16,3,2,0,0,2,1,9020,9,1,5,1099,0,2,0,6,0,0,0,0,0,0,8,0,0,0,0,9,2,0,0,0,0,0,8,0,5,0,0,0,1,0,0,0,0,0,0,0,0,0,0,0,0,3,117,0,4,1,0,0,0,27,5,7,1,0,0,0,4,0,90,0,0,193,0,0,1,2232,327
2013,jakarta pusat,sawah besar,kartini,3504,6139,6107,120,69,26,11,0,3,1,5,6,2,8124,7,0,4,697,1,0,0,2,0,0,0,0,0,0,17,0,2,0,1,8,10,1,0,0,0,0,20,0,7,1,0,0,0,0,0,0,0,0,0,0,0,0,0,0,0,12,107,0,8,0,1,1,2,35,1,11,0,0,0,0,6,0,159,0,0,309,0,0,12,1612,249
2013,jakarta pusat,sawah besar,gunung sahari utara,2241,4249,4472,248,92,25,5,1,2,1,8,3,0,5960,48,0,2,450,0,0,0,8,0,0,0,0,0,0,15,0,0,0,0,3,5,0,0,0,1,0,14,0,9,1,0,0,0,0,0,0,0,0,0,0,0,0,0,0,0,13,89,8,15,1,2,0,2,63,0,3,1,0,0,0,6,1,49,0,0,213,0,0,0,1089,207
2013,jakarta pusat,sawah besar,mangga dua selatan,4664,6898,6893,142,48,13,7,0,3,1,12,13,3,10657,6,0,1,687,0,1,0,2,1,0,0,1,0,1,11,1,0,0,0,9,4,1,0,0,0,0,4,0,6,2,0,0,0,0,0,0,0,0,0,0,0,0,0,0,0,2,65,0,5,0,0,0,0,32,4,14,2,0,0,0,5,0,75,0,1,259,0,0,0,2649,524
2013,jakarta pusat,kemayoran,kemayoran,3713,5056,5270,186,141,18,11,61,3,0,5,6,8,6848,18,4,8,670,0,0,0,4,0,0,0,0,0,0,5,0,0,0,0,7,7,0,0,0,0,0,13,0,13,0,0,0,0,0,0,0,0,0,0,0,0,0,0,0,0,10,120,0,5,2,2,2,2,35,6,3,0,0,0,0,1,0,107,0,0,259,1,0,1,1294,374
2013,jakarta pusat,kemayoran,kebon kosong,4993,6256,7266,315,298,29,21,23,2,1,10,3,0,9405,67,1,25,415,0,0,0,1,0,0,0,0,0,0,7,0,0,0,0,5,4,0,0,0,0,0,17,0,15,0,0,0,0,0,0,0,6,0,0,0,0,0,0,0,0,15,178,1,7,0,0,1,3,34,5,7,0,0,0,0,10,0,105,0,0,296,0,0,0,1388,365
2013,jakarta pusat,kemayoran,harapan mulia,3531,5272,6183,313,346,38,9,3,2,1,6,2,15,7070,66,8,21,943,0,1,0,4,0,0,0,0,0,0,13,0,0,1,0,9,10,0,0,0,0,0,2,1,10,1,0,0,1,0,0,0,0,0,0,0,0,0,0,0,1,17,256,2,7,3,2,0,1,27,5,19,1,0,0,0,8,0,100,0,0,343,0,0,0,1502,398
2013,jakarta pusat,kemayoran,serdang,5252,6479,7929,792,688,46,37,6,2,0,4,2,2,9451,239,6,31,572,0,0,0,1,1,0,0,1,0,0,5,0,0,0,0,2,8,0,0,1,0,1,5,0,22,1,0,0,0,0,0,0,0,0,0,0,0,0,0,1,0,23,375,0,8,1,0,0,4,27,5,25,3,0,0,0,2,0,81,0,0,295,0,0,0,1677,192
2013,jakarta pusat,kemayoran,gunung sahari selatan,3145,4714,5513,285,233,45,104,2,2,0,5,3,1,6517,67,3,7,211,1,0,0,6,0,0,0,0,0,1,7,0,0,1,0,4,4,0,0,0,0,0,13,2,14,1,0,0,1,0,0,0,0,0,0,0,0,0,0,0,0,15,102,4,10,2,0,0,3,37,4,15,1,0,0,0,10,0,74,0,0,255,0,0,1,1082,692
2013,jakarta pusat,kemayoran,cempaka baru,5481,7248,8470,680,594,55,38,2,2,0,5,16,4,9567,223,15,34,630,0,0,0,2,0,0,0,2,0,0,12,0,0,0,0,7,28,0,0,0,0,0,27,1,21,4,0,0,0,0,0,0,0,0,0,0,0,0,0,0,0,33,374,2,19,4,3,0,9,57,13,34,1,0,0,0,16,0,123,0,0,559,0,0,0,2750,540
2013,jakarta pusat,kemayoran,sumur batu,3617,4810,6265,475,470,58,31,3,2,0,4,8,2,7283,138,7,4,395,1,0,0,6,0,0,0,0,0,0,1,0,0,0,0,0,10,0,0,0,0,0,11,1,28,0,0,0,1,0,0,0,2,0,1,0,0,0,0,1,0,42,261,3,26,2,2,0,1,101,18,27,7,1,0,0,4,0,63,0,0,280,0,0,1,1992,265
2013,jakarta pusat,kemayoran,utan panjang,5092,6851,7937,299,293,30,21,1,3,0,6,3,3,8065,71,1,11,1135,0,0,0,1,1,0,0,0,0,0,7,0,0,0,0,2,13,0,0,0,0,0,1,1,11,0,0,0,0,0,0,0,0,0,0,0,0,0,0,0,1,10,218,0,5,1,1,0,0,24,8,18,2,0,0,0,8,0,117,0,0,703,0,0,2,2155,346
2013,jakarta pusat,senen,senen,1225,1532,1702,67,87,82,160,1,2,0,2,4,0,1927,17,1,7,182,0,0,0,3,0,0,0,0,0,0,1,0,0,0,0,0,5,0,0,0,0,0,11,0,5,0,0,0,0,0,0,0,0,0,0,0,0,0,0,0,0,4,20,0,2,1,0,0,2,47,6,22,2,0,0,0,4,0,38,0,0,221,0,0,1,752,68
2013,jakarta pusat,senen,kenari,1355,1995,2550,125,127,54,17,1,3,0,1,2,1,2995,28,2,6,118,0,0,0,2,0,0,0,0,0,0,0,0,0,0,0,6,1,0,0,0,0,0,21,38,11,0,0,0,1,0,0,0,0,0,0,0,0,0,0,0,0,23,53,1,10,3,2,0,4,40,1,23,1,1,0,0,6,0,29,0,0,89,0,0,16,816,121
2013,jakarta pusat,senen,paseban,3737,5178,6482,393,454,49,20,14,2,0,4,6,6,7220,91,5,22,544,0,0,0,9,0,0,0,0,0,0,3,0,0,0,0,2,17,0,0,0,1,0,9,6,21,1,0,0,0,0,0,0,0,0,0,0,0,0,0,0,0,47,180,0,14,5,4,0,3,96,4,45,1,1,0,1,6,2,145,0,0,356,0,0,28,1744,288
2013,jakarta pusat,senen,kramat,5318,7042,7648,162,208,27,29,1,2,0,8,6,2,7234,32,1,3,1562,1,0,0,2,0,0,0,1,0,1,23,1,0,0,0,0,19,0,0,0,0,0,27,0,20,2,0,0,0,0,0,0,0,0,0,0,0,0,0,0,0,20,153,1,10,1,1,1,0,36,5,24,1,1,0,0,8,2,233,0,0,704,0,0,0,2980,252
2013,jakarta pusat,senen,kwitang,2700,4029,4064,113,144,7,11,0,2,0,3,5,0,4788,13,0,7,602,0,0,0,3,1,0,0,0,0,0,3,0,0,1,0,16,4,0,0,0,0,0,9,0,11,1,0,0,0,0,0,0,0,0,0,0,0,0,0,0,0,11,53,0,3,3,3,1,1,32,1,2,2,0,0,0,1,0,155,0,0,328,0,0,0,1026,167
2013,jakarta pusat,senen,bungur,3103,4651,4878,199,180,263,11,2,3,0,3,8,1,5587,22,1,10,514,0,0,0,9,0,0,0,1,0,0,0,0,0,0,1,14,6,0,0,2,0,0,13,0,10,1,0,0,0,0,0,0,0,0,0,0,0,0,0,0,0,27,94,0,9,5,2,1,2,59,2,10,2,0,0,0,3,0,114,0,1,347,0,0,0,1603,276
2013,jakarta pusat,cempaka putih,cempaka putih timur,3335,5032,6277,677,569,42,14,8,2,0,4,11,5,7841,166,5,11,496,2,0,0,13,0,0,0,0,0,0,2,0,0,0,0,8,12,0,0,1,2,0,17,0,24,1,1,0,2,0,0,0,1,1,0,0,0,0,1,1,0,69,215,4,22,9,8,0,4,189,4,19,2,2,1,0,6,2,64,0,0,165,0,0,1,1395,553
2013,jakarta pusat,cempaka putih,cempaka putih barat,5664,7424,9424,789,830,148,43,8,3,0,8,2,5,10603,183,5,14,775,0,0,0,12,0,0,0,1,0,0,16,1,0,0,0,9,12,0,0,0,2,0,8,22,32,4,0,0,1,0,0,0,0,0,0,0,0,0,0,2,0,60,326,4,22,6,0,2,6,98,10,32,2,0,0,0,13,0,112,0,0,484,0,0,0,1932,553
2013,jakarta pusat,cempaka putih,rawasari,3357,4416,5765,546,634,53,21,0,3,1,3,7,1,6885,234,8,11,231,2,0,0,8,1,0,0,0,0,0,1,0,0,0,0,11,14,0,0,0,0,0,8,0,27,0,2,0,2,0,0,0,0,0,0,0,0,0,0,0,0,57,196,3,23,5,2,0,11,99,4,17,3,2,0,0,9,0,56,0,1,187,0,0,0,1781,221
2013,jakarta pusat,menteng,menteng,4075,6080,6775,372,326,27,15,8,3,0,15,21,5,7732,64,6,4,529,0,0,0,13,0,0,0,0,0,0,3,0,0,0,0,3,11,0,0,1,1,0,3,1,9,0,0,0,3,0,0,1,0,1,1,1,0,0,0,1,0,60,119,1,36,7,10,2,6,117,1,3,3,1,0,0,2,0,72,1,0,301,0,0,13,1851,472
2013,jakarta pusat,menteng,pegangsaan,3742,5730,6396,307,359,25,31,2,2,0,5,2,3,6116,45,2,11,1475,1,0,0,5,0,0,0,0,0,0,1,0,0,0,0,3,16,0,3,0,0,0,25,0,17,0,0,1,1,0,0,0,0,0,0,0,0,0,0,0,0,36,145,1,16,5,3,0,3,40,2,11,0,0,0,0,11,2,94,0,0,209,1,0,0,1525,178
2013,jakarta pusat,menteng,cikini,1432,1944,2097,129,139,10,4,1,2,0,3,7,1,2552,34,3,1,226,0,0,0,1,0,0,0,0,0,0,0,0,0,0,0,1,14,0,0,0,0,0,6,0,4,0,0,0,1,0,0,0,0,0,0,0,0,0,0,0,0,13,36,0,11,0,1,0,3,36,1,34,1,0,0,0,0,0,18,0,0,87,0,0,0,627,119
2013,jakarta pusat,menteng,gondangdia,440,830,1071,140,84,4,101,4,2,0,2,13,0,1020,19,0,0,8,0,0,0,3,0,0,1,0,0,0,0,0,0,0,0,0,9,0,0,0,0,0,6,2,6,0,0,0,0,1,0,0,0,2,1,0,0,0,0,0,0,17,14,1,13,6,5,2,2,107,0,9,0,1,0,0,1,0,1,0,0,29,0,0,11,518,135
2013,jakarta pusat,menteng,kebon sirih,2171,3298,3309,124,149,11,8,1,2,1,6,8,0,3323,29,2,6,428,0,0,0,2,0,0,0,0,0,0,1,0,0,0,0,1,9,0,0,0,2,0,3,6,18,0,0,0,0,0,0,0,0,0,0,0,0,0,0,0,0,27,51,1,6,2,1,0,6,17,2,7,0,0,0,0,1,0,44,0,0,212,0,0,0,1942,180
2013,jakarta pusat,tanah abang,gelora,495,687,820,27,34,4,5,21,2,0,1,0,0,1090,7,0,1,43,0,0,0,0,0,0,0,1,0,0,2,0,0,0,0,0,1,0,0,0,0,0,6,1,1,0,1,0,3,0,0,0,0,0,0,0,0,0,0,0,0,5,19,1,0,0,0,0,0,3,1,1,0,0,0,0,0,0,11,0,0,83,0,0,0,296,77
2013,jakarta pusat,tanah abang,bendungan hilir,2989,4531,6035,540,506,87,56,3,3,0,0,2,4,6879,121,15,9,346,0,0,1,34,0,0,0,0,0,0,0,0,0,0,1,1,14,0,0,0,2,0,9,3,30,0,0,0,2,0,0,0,1,0,0,0,0,0,0,1,0,47,107,1,18,11,5,0,8,115,6,28,3,1,0,0,1,0,110,0,3,376,0,0,1,1874,357
2013,jakarta pusat,tanah abang,karet tengsin,2909,3935,4885,196,187,15,14,0,4,0,3,4,0,5283,62,5,11,615,0,0,0,0,0,0,0,0,0,0,6,0,0,0,0,3,11,0,0,0,0,0,2,0,20,0,0,0,0,0,0,0,0,1,0,0,0,0,0,0,0,14,146,0,10,3,1,0,6,30,4,16,1,1,0,0,3,0,123,0,0,369,0,0,0,2130,246
2013,jakarta pusat,tanah abang,petamburan,6385,7472,8975,243,356,27,22,3,5,1,15,18,1,9035,86,6,17,917,2,0,1,5,0,0,0,0,0,0,18,0,0,0,0,3,15,0,0,0,0,0,25,0,30,0,0,0,0,0,0,0,0,0,0,0,0,0,0,0,0,16,236,1,15,0,1,3,2,41,5,16,0,0,0,1,4,0,176,1,0,914,0,0,1,3308,484
2013,jakarta pusat,tanah abang,kebon melati,5960,7956,8731,206,276,139,15,7,4,0,5,8,3,8108,74,8,13,371,0,0,0,3,0,0,0,0,0,0,4,0,0,0,0,2,8,0,0,0,0,0,6,0,14,0,0,0,1,1,0,0,0,0,0,0,0,0,0,1,0,14,165,0,18,3,2,1,9,20,1,9,1,0,1,0,6,0,126,0,0,732,0,0,2,4962,504
2013,jakarta pusat,tanah abang,kebon kacang,3308,5021,5905,315,232,11,9,1,2,0,2,9,2,5587,54,11,6,300,0,0,0,6,0,0,0,0,0,0,1,0,0,1,0,2,6,0,0,0,0,1,3,0,18,0,1,0,0,0,0,0,0,0,0,0,0,0,0,0,0,27,124,0,19,1,4,0,1,70,8,7,5,0,0,0,2,1,73,0,0,493,0,0,1,3254,328
2013,jakarta pusat,tanah abang,kampung bali,2205,3060,3161,114,93,12,1,8,2,1,4,2,0,3720,16,1,5,247,0,0,0,5,0,0,0,0,0,0,6,0,0,0,0,13,3,0,0,0,0,0,6,0,6,0,0,0,0,0,0,0,0,0,0,0,0,0,0,0,0,6,52,0,3,0,1,0,0,26,4,9,0,0,0,0,1,0,106,0,0,394,0,0,3,1084,175
2013,jakarta pusat,johar baru,johar baru,6308,8110,9716,576,677,38,18,32,3,2,8,10,3,10394,140,7,32,1198,1,0,0,1,1,0,0,0,0,0,13,0,0,0,0,10,19,0,0,0,0,2,18,1,27,1,0,0,0,0,0,0,0,0,0,0,0,0,0,1,0,54,296,1,18,5,7,2,6,113,18,33,2,0,0,0,14,0,173,0,0,424,0,0,0,3022,416
2013,jakarta pusat,johar baru,kampung rawa,3966,5543,5970,161,172,38,13,3,3,0,4,11,3,5751,28,0,9,954,0,1,0,0,0,0,0,0,0,0,16,0,0,0,1,5,2,0,0,0,0,0,2,0,9,1,0,0,0,0,0,0,1,0,0,0,0,0,0,0,0,10,137,0,9,3,1,0,1,19,5,13,2,0,0,0,9,0,129,0,0,312,0,0,0,2174,347
2013,jakarta pusat,johar baru,galur,3371,4660,4791,111,137,24,8,5,3,0,6,4,3,4291,19,2,5,993,0,0,0,2,0,0,0,0,0,0,7,0,1,0,0,4,3,0,0,1,0,0,8,0,8,2,0,0,0,0,0,0,0,0,0,0,0,0,0,0,0,8,92,0,6,0,0,1,3,12,2,14,0,1,0,0,9,0,89,1,0,600,0,0,0,1796,235
2013,jakarta pusat,johar baru,tanah tinggi,7171,9672,9554,188,267,36,17,1,2,0,18,12,10,8556,34,1,20,2284,1,2,0,2,0,0,0,0,0,0,7,0,0,0,0,20,9,0,0,0,0,0,21,2,13,1,1,0,0,1,0,0,0,0,0,0,0,0,0,0,0,17,177,2,6,4,0,0,5,36,5,14,3,0,0,0,13,0,374,0,0,1111,0,0,1,3925,516
2013,jakarta utara,penjaringan,penjaringan,17853,22284,23656,238,165,58,63,4,8,335,63,53,6,27610,22,0,17,4747,4,3,0,0,0,0,0,0,0,0,1,0,0,0,0,5,9,0,0,2,0,0,9,0,21,6,0,0,0,0,0,0,0,0,0,0,0,0,0,0,0,18,393,0,7,1,2,1,2,38,18,31,0,0,0,0,407,0,520,0,2,1220,0,0,1,9711,1249
2013,jakarta utara,penjaringan,kamal muara,1958,2715,2545,47,23,9,2,1,3,623,1,4,0,2378,4,1,1,336,1,5,0,2,1,0,0,0,0,0,0,0,0,0,0,1,0,0,0,0,0,0,0,0,2,0,0,0,0,0,0,0,0,0,0,0,0,0,0,0,0,0,27,0,0,0,1,1,0,17,2,5,0,0,0,0,3,0,41,0,0,40,0,0,1,1098,137
2013,jakarta utara,penjaringan,kapuk muara,5049,7171,7679,228,28,4,10,3,2,14,33,40,4,8583,5,0,14,924,1,5,0,6,0,0,0,0,0,0,1,0,1,0,0,0,4,0,0,1,0,0,8,1,7,1,0,0,0,0,0,0,0,0,0,0,0,0,0,0,0,7,108,0,4,2,1,2,3,43,4,2,0,1,0,0,1,0,79,0,0,180,0,0,3,3390,563
2013,jakarta utara,penjaringan,pejagalan,11740,19234,19670,190,77,23,19,4,6,58,5,13,1,26759,19,6,24,1324,3,6,0,4,0,1,1,2,0,1,12,2,2,3,0,10,11,2,0,0,0,0,35,7,13,0,1,0,0,0,0,0,0,0,0,0,0,0,0,0,1,11,270,0,11,2,2,3,5,92,8,9,5,0,0,0,15,0,218,1,0,908,0,0,11,7795,1306
2013,jakarta utara,penjaringan,pluit,5527,10825,11763,652,36,6,6,9,5,1984,14,28,11,10209,51,2,10,144,1,16,0,5,0,0,0,0,0,0,9,0,1,0,0,3,11,1,0,2,1,1,35,2,10,0,0,0,1,0,0,0,0,0,0,0,1,0,0,0,0,34,175,10,11,3,10,15,14,177,4,3,3,0,0,0,12,2,21,0,1,1094,0,0,3,5015,867
2013,jakarta utara,tanjung priok,tanjung priok,8029,8501,9219,224,186,175,81,1,4,7,11,5,8,11007,56,2,10,1467,2,2,0,4,0,0,0,0,0,0,5,0,0,0,0,3,7,0,0,0,0,0,34,0,13,0,0,0,1,0,0,0,0,0,0,0,0,0,0,0,0,11,288,0,10,1,0,0,0,8,9,39,1,0,0,0,453,0,178,0,0,741,0,0,0,2453,312
2013,jakarta utara,tanjung priok,sunter jaya,9892,13907,15971,851,661,78,60,11,3,1,25,42,13,17318,101,8,33,1559,1,1,0,7,0,0,0,0,0,0,8,0,0,0,0,4,15,1,0,0,0,0,36,17,26,3,0,0,1,0,0,0,1,0,1,0,0,0,0,1,0,46,556,1,25,3,5,1,6,120,25,38,7,0,0,0,16,0,234,0,2,432,0,1,1,5808,1180
2013,jakarta utara,tanjung priok,papanggo,7343,9500,10739,214,144,47,17,2,3,5,20,6,0,11611,30,0,14,1667,0,0,0,4,1,0,0,0,1,1,3,0,0,1,0,9,8,0,0,0,0,0,22,0,13,5,1,0,0,0,0,0,0,0,0,0,0,0,0,0,0,12,275,0,3,0,0,0,2,24,12,36,2,1,0,0,286,0,155,0,0,415,0,0,4,2367,715
2013,jakarta utara,tanjung priok,sungai bambu,6354,7068,8010,276,251,76,79,0,3,0,1,4,2,8456,78,5,18,1419,0,0,0,0,1,0,0,0,0,0,7,0,0,0,0,4,19,0,0,0,0,0,44,0,29,3,1,0,0,0,0,0,0,0,0,0,0,0,0,0,0,17,287,0,9,0,0,0,2,52,19,34,1,0,0,0,430,0,176,0,0,344,0,0,0,2113,230
2013,jakarta utara,tanjung priok,kebon bawang,10727,12138,13806,536,583,737,69,0,7,2,13,5,2,14218,205,3,34,1697,4,0,0,7,0,0,0,0,0,0,7,0,0,0,0,0,18,0,0,0,0,1,44,0,25,8,0,0,0,0,0,0,0,0,0,0,0,0,0,0,0,22,504,0,9,1,3,0,4,69,36,74,7,0,0,0,1626,0,185,0,0,691,0,0,0,3774,296
2013,jakarta utara,tanjung priok,sunter agung,11416,16021,18945,1124,641,107,168,0,9,3,20,28,2,21811,67,4,28,1766,3,0,0,18,0,0,0,0,0,1,11,0,0,0,2,8,107,0,0,0,0,0,34,11,29,1,0,0,1,0,0,0,0,0,0,0,0,0,0,0,0,43,628,1,21,5,11,2,3,180,26,51,0,3,0,0,56,2,176,0,0,803,0,0,7,5827,975
2013,jakarta utara,tanjung priok,warakas,8850,10991,11975,445,301,94,56,2,4,3,22,14,4,12824,119,5,29,2261,1,1,0,3,0,0,0,0,0,1,4,0,0,0,0,3,14,0,0,0,0,0,21,0,16,0,0,0,0,0,0,0,0,0,0,0,0,0,0,1,0,12,430,2,8,0,0,0,1,29,14,58,0,0,0,0,961,1,171,0,0,357,0,0,3,2923,797
2013,jakarta utara,koja,koja,6589,7461,7392,116,127,47,30,0,4,4,9,7,0,7098,35,4,9,1535,0,0,0,5,0,0,0,0,0,1,7,0,0,0,1,8,6,0,0,0,0,0,4,0,7,2,0,0,0,0,0,0,0,0,0,0,0,0,0,0,0,13,196,1,1,0,1,0,2,20,10,32,3,0,0,0,676,0,180,0,0,966,0,0,2,2527,301
2013,jakarta utara,koja,tugu utara,14499,16681,18527,758,732,104,72,1,3,8,17,11,5,18508,121,3,34,2114,0,0,0,7,0,0,0,0,0,0,2,0,0,0,0,4,23,0,0,0,0,0,13,0,17,3,0,0,1,0,0,0,0,0,0,0,0,0,0,1,0,40,612,0,8,1,0,0,2,79,31,63,2,0,0,0,539,0,200,0,0,275,0,0,2,6016,734
2013,jakarta utara,koja,lagoa,12690,15059,15773,451,381,107,44,1,9,54,30,27,1,13222,138,4,19,4607,0,6,0,6,0,0,0,0,0,0,14,0,0,0,1,11,22,0,0,0,0,0,24,0,17,4,0,0,0,0,0,0,0,0,0,0,0,0,0,0,0,26,479,0,9,0,0,0,4,38,18,72,4,0,0,0,929,0,315,0,0,1152,0,0,8,3237,674
2013,jakarta utara,koja,rawa badak utara,6929,8845,9686,417,306,73,31,2,3,5,13,4,1,7274,114,2,29,2615,1,1,0,1,0,1,0,0,0,1,4,0,0,0,0,0,5,0,0,0,0,1,16,4,8,4,1,0,1,0,0,0,0,0,0,0,0,0,0,0,0,18,277,0,4,2,1,0,1,45,14,32,2,0,0,0,1052,3,141,0,0,748,0,0,0,2688,281
2013,jakarta utara,koja,tugu selatan,7267,8264,9541,242,274,59,51,0,3,1,15,6,4,11342,39,2,14,1442,5,0,0,0,0,0,0,0,0,0,1,0,0,0,0,1,6,0,0,0,0,0,17,0,14,1,0,0,0,0,0,0,0,0,0,0,0,0,0,0,0,14,399,0,3,0,1,0,2,20,16,41,2,0,0,0,185,3,239,1,0,203,0,0,0,2473,324
2013,jakarta utara,koja,rawa badak selatan,8555,9413,10436,350,248,76,34,2,10,3,7,10,2,10360,93,3,5,2047,2,1,0,2,0,0,0,0,0,0,2,0,0,0,0,0,12,0,0,0,0,0,19,0,8,0,0,0,0,0,0,0,0,0,0,0,0,0,0,0,0,17,419,2,6,0,1,0,1,25,16,47,1,0,0,0,163,0,231,0,0,475,0,0,0,3712,322
2013,jakarta utara,cilincing,cilincing,9473,11191,12349,244,276,88,252,12,3,178,30,3,12,10423,75,3,26,3223,1,21,0,2,0,0,0,0,0,0,9,0,0,0,0,5,9,0,0,0,0,0,15,0,8,0,0,0,0,0,0,0,0,0,0,0,0,0,0,0,0,12,445,0,4,0,0,0,2,15,26,51,0,0,1,0,198,0,355,0,0,586,0,0,2,2142,801
2013,jakarta utara,cilincing,sukapura,11474,8754,13151,392,374,55,54,0,57,3,15,13,4,22877,104,1,14,871,4,1,0,8,0,0,0,0,0,0,3,0,0,0,2,3,3,0,0,0,0,0,18,0,25,0,1,0,1,0,0,0,0,0,0,0,0,0,0,0,0,27,492,0,11,0,3,0,4,60,20,41,6,0,0,0,83,0,241,0,0,608,0,0,0,4505,706
2013,jakarta utara,cilincing,marunda,4445,5391,6169,63,171,72,38,4,41,319,14,7,3,3938,31,1,12,1744,4,15,0,1,0,0,0,0,0,0,2,0,0,0,0,3,6,0,0,0,0,0,7,0,3,1,0,0,0,0,0,0,0,0,0,0,0,0,0,0,0,9,194,0,0,0,0,0,1,9,11,16,0,0,0,0,102,0,178,0,0,187,0,0,1,1115,264
2013,jakarta utara,cilincing,kali baru,15778,18402,19309,100,122,79,26,10,7,2606,41,25,13,10894,14,0,16,5833,1,10,0,1,0,0,0,1,0,0,2,0,0,0,0,8,4,0,0,0,0,0,4,0,15,2,0,0,0,0,0,0,0,0,0,0,0,0,0,0,0,9,357,0,2,1,0,1,0,14,12,41,0,0,0,0,401,0,593,0,1,1723,0,0,5,7119,1065
2013,jakarta utara,cilincing,semper timur,6549,8077,10040,416,315,239,386,2,14,9,6,6,2,9239,35,0,3,1090,2,1,0,2,0,0,0,0,0,0,0,0,0,0,0,4,2,0,0,0,0,0,13,0,7,0,0,0,0,0,0,0,0,0,0,0,0,0,0,0,0,13,377,0,5,0,0,0,0,26,18,50,0,0,0,0,188,0,254,0,0,37,0,0,0,2674,237
2013,jakarta utara,cilincing,rorotan,7084,8024,10544,260,333,128,175,5,215,5,42,7,5,8910,55,1,19,1268,17,0,0,0,1,0,0,0,0,1,2,0,0,0,0,5,3,0,0,0,0,0,4,0,9,2,1,0,0,0,0,0,0,0,0,0,0,0,0,0,0,17,596,0,1,0,0,0,2,19,21,62,4,1,0,0,117,0,188,0,0,252,0,0,0,2195,460
2013,jakarta utara,cilincing,semper barat,13432,15726,18458,704,1069,407,108,1,5,3,20,16,18,19297,64,5,83,2703,1,0,0,3,0,0,0,0,0,0,5,0,0,0,0,5,28,0,0,0,0,0,32,0,13,0,0,0,0,0,0,0,0,0,0,0,0,0,0,0,0,26,697,1,18,0,0,0,2,46,25,105,3,0,0,0,356,1,448,1,1,779,0,0,4,4263,947
2013,jakarta utara,pademangan,pademangan timur,6088,8653,8866,221,157,38,24,3,2,1,4,6,3,13095,28,0,4,1010,0,0,0,7,0,0,0,0,0,0,40,0,0,0,0,17,3,2,0,0,0,0,15,6,8,1,0,0,0,0,1,0,0,0,0,0,0,0,0,0,0,17,241,1,3,1,3,1,3,48,4,9,0,0,0,0,20,0,122,0,0,480,0,0,4,2810,317
2013,jakarta utara,pademangan,pademangan barat,14162,18031,18358,245,179,97,35,17,3,0,41,28,9,24733,30,1,10,4152,4,0,0,1,0,0,0,0,0,0,16,0,0,0,1,2,14,1,0,0,0,0,15,2,19,2,0,0,0,0,0,0,0,0,0,0,0,0,0,0,0,11,381,0,3,0,1,0,4,29,3,25,3,0,0,0,22,1,276,0,0,836,0,0,1,5084,1153
2013,jakarta utara,pademangan,ancol,4889,5558,5848,65,74,32,8,4,2,2,8,5,0,8582,9,0,9,481,2,3,0,1,0,0,0,0,0,0,0,0,0,0,1,3,3,0,0,0,0,0,1,0,9,1,0,0,1,0,0,0,0,0,0,0,0,0,0,1,0,6,87,0,5,2,1,0,5,21,3,3,0,0,0,0,102,0,114,0,0,254,0,0,0,2285,211
2013,jakarta utara,kelapa gading,kelapa gading timur,4542,7140,8343,1285,475,37,16,0,2,0,4,8,0,11205,205,6,15,132,0,0,0,23,0,0,0,0,0,0,4,0,0,0,0,3,21,0,0,0,0,0,62,4,13,1,1,0,1,0,1,0,0,0,0,0,0,1,0,0,0,79,259,11,33,16,8,0,20,312,11,21,8,4,2,0,13,1,21,0,0,237,0,0,0,2748,269
2013,jakarta utara,kelapa gading,pegangsaan dua,6306,9892,12474,766,292,35,25,0,8,0,9,3,0,15174,104,4,18,341,4,0,0,8,0,0,0,0,0,0,1,0,0,0,0,0,4,0,0,0,0,0,52,4,23,0,0,0,0,0,0,0,0,0,0,0,0,0,0,0,0,76,373,6,30,7,3,0,10,250,7,9,3,2,1,0,17,0,143,0,0,166,0,0,3,4121,800
2013,jakarta utara,kelapa gading,kelapa gading barat,5418,7339,8984,1112,475,1058,47,1,6,1,5,7,1,9254,88,3,12,400,0,0,0,16,0,0,1,0,0,0,0,0,0,0,0,0,7,0,0,0,1,0,40,10,21,1,0,0,5,0,0,0,0,0,0,0,0,0,0,0,0,47,241,3,28,11,2,3,13,185,14,35,5,2,1,0,37,1,47,0,0,281,0,0,0,2912,322
2013,jakarta barat,cengkareng,cengkareng barat,11104,14377,15946,423,429,41,46,6,3,1,25,14,10,19078,68,3,24,1817,1,0,0,7,0,0,0,1,0,0,3,0,0,0,1,7,8,0,0,0,0,0,31,5,37,4,0,0,0,0,0,0,0,0,0,0,0,0,0,0,0,27,641,1,14,3,4,0,4,108,28,23,1,1,0,0,3,0,165,0,0,434,1,0,0,4200,720
2013,jakarta barat,cengkareng,duri kosambi,12821,15274,19811,417,405,47,64,7,9,3,17,11,22,21075,109,4,25,1611,11,0,0,2,0,0,0,0,0,0,7,0,0,0,0,5,9,0,0,0,0,0,24,1,28,0,0,0,1,0,0,0,0,0,0,0,0,0,0,0,0,34,864,5,17,4,0,0,1,70,30,39,3,0,0,0,2,0,173,0,0,799,0,0,1,5054,883
2013,jakarta barat,cengkareng,rawa buaya,10967,13398,15584,349,223,57,41,9,6,0,17,4,15,21436,16,3,10,686,3,0,0,5,0,0,0,1,0,0,1,0,0,0,0,6,5,1,0,0,0,0,24,1,28,1,0,0,0,0,0,0,0,1,0,0,0,0,0,0,0,39,573,1,17,1,3,0,4,89,23,25,0,0,0,0,1,0,152,0,0,472,0,0,6,4588,626
2013,jakarta barat,cengkareng,kedaung kali angke,5126,6847,9429,172,174,45,86,1,2,0,23,8,11,12441,3,1,1,678,0,0,0,2,0,0,0,0,0,0,0,0,0,0,0,1,4,0,0,0,0,0,12,0,15,0,0,0,1,0,0,0,0,0,0,0,0,0,0,0,0,10,210,0,2,1,0,0,1,10,3,13,0,0,0,0,6,0,89,0,0,144,0,0,1,1821,287
2013,jakarta barat,cengkareng,kapuk,24809,29624,32180,510,256,89,116,6,9,4,123,54,30,51954,29,1,18,1610,12,0,0,2,0,0,0,0,0,0,6,0,0,0,1,13,9,1,0,0,0,0,38,0,41,1,0,0,2,0,0,0,0,0,0,0,0,0,0,1,0,23,706,2,8,2,0,0,2,43,32,50,1,0,0,0,8,0,294,0,0,849,0,0,16,4118,2494
2013,jakarta barat,cengkareng,cengkareng timur,14400,16979,19340,343,389,106,93,8,6,0,56,20,11,25180,12,0,14,2775,3,1,0,1,0,0,0,0,0,0,8,0,0,0,0,3,3,0,0,0,0,0,26,0,30,1,0,0,0,0,0,0,0,0,0,0,0,0,0,0,0,15,726,5,7,2,1,0,1,56,25,68,2,0,0,0,3,1,234,0,0,434,0,0,0,4307,976
2013,jakarta barat,grogol petamburan,grogol,2690,3968,4434,292,156,14,9,0,3,1,10,4,2,6295,46,4,9,289,0,0,0,3,0,0,0,0,0,0,3,0,0,0,0,0,6,1,0,0,0,0,12,2,11,0,0,0,0,0,0,0,0,0,0,0,0,0,0,0,0,14,119,0,8,3,4,0,2,94,6,8,2,0,0,0,1,0,81,0,0,275,0,0,3,1638,167
2013,jakarta barat,grogol petamburan,tanjung duren utara,2269,3990,4574,353,142,14,18,1,2,0,2,3,1,6488,24,2,2,238,0,0,0,7,0,0,0,0,0,0,8,0,0,0,2,6,6,0,0,0,0,0,16,0,6,0,0,0,1,1,1,0,0,0,0,0,0,0,0,0,0,30,142,1,5,3,3,1,3,102,3,9,1,2,0,0,2,0,33,0,1,143,0,0,3,1384,179
2013,jakarta barat,grogol petamburan,tomang,4724,6509,7295,530,314,77,22,5,3,0,14,10,4,9794,90,2,13,730,0,0,0,3,0,0,0,0,0,0,4,0,0,1,0,7,19,0,0,0,1,0,22,1,22,0,1,0,1,0,0,0,0,0,0,0,0,0,0,0,0,66,185,1,21,6,3,2,6,153,6,19,7,0,0,0,4,0,201,0,0,341,0,0,0,2235,555
2013,jakarta barat,grogol petamburan,jelambar,4520,7102,7378,460,256,17,20,15,2,1,9,11,1,11355,38,2,9,368,0,0,0,5,0,0,0,0,0,0,3,0,0,0,0,9,6,0,0,0,1,0,18,9,12,0,0,0,0,0,0,0,0,0,0,0,0,0,0,0,0,30,209,0,9,5,3,0,4,114,5,9,2,3,0,0,4,0,61,0,0,173,0,0,34,2578,583
2013,jakarta barat,grogol petamburan,tanjung duren selatan,4069,5103,5352,484,274,14,14,11,3,2,7,6,1,9270,54,3,3,271,3,0,0,11,0,0,0,0,0,0,6,0,0,0,0,2,11,0,0,0,1,0,14,0,17,0,0,0,0,0,1,0,0,1,0,0,0,0,0,0,0,26,149,0,17,7,8,6,8,122,9,10,1,1,0,0,0,3,69,0,0,327,0,0,1,1951,271
2013,jakarta barat,grogol petamburan,jelambar baru,5599,9604,9856,189,69,15,9,0,2,3,4,3,0,14321,3,1,2,224,0,1,0,2,0,0,0,0,0,0,1,0,0,0,0,1,4,0,0,0,0,0,24,1,12,2,1,0,0,0,0,0,0,0,0,0,0,0,0,0,0,9,183,1,4,0,0,0,0,55,3,5,0,0,0,0,2,0,64,0,0,171,0,0,3,3577,278
2013,jakarta barat,grogol petamburan,wijaya kusuma,6396,9220,9481,263,121,21,23,7,6,2,19,7,5,13146,63,1,10,752,1,0,0,4,0,0,0,0,0,1,4,0,0,0,0,2,5,0,0,0,0,0,24,0,24,2,0,0,1,0,0,0,0,0,0,0,0,0,0,1,0,20,222,0,9,2,2,0,2,74,8,9,1,1,0,0,2,0,166,0,0,393,0,0,2,3521,555
2013,jakarta barat,taman sari,taman sari,2340,4119,3849,149,24,6,4,24,2,0,1,0,0,5561,5,0,3,339,0,0,0,4,0,0,0,0,0,0,2,1,0,0,0,15,4,1,0,1,0,0,19,1,5,1,0,0,0,0,0,0,0,0,0,0,0,0,0,0,0,7,64,0,2,0,2,0,1,26,0,2,1,0,0,0,0,1,27,0,0,194,0,0,8,1040,120
2013,jakarta barat,taman sari,krukut,3164,5217,5276,103,37,5,3,0,2,2,14,2,7,6427,14,1,4,587,0,0,0,3,0,0,0,0,0,0,1,0,1,0,0,5,3,0,0,0,0,0,2,0,6,1,1,0,0,0,0,0,0,0,0,0,0,0,0,0,0,6,85,1,4,5,0,0,1,24,1,1,0,0,0,0,0,0,78,0,0,215,0,0,0,1520,320
2013,jakarta barat,taman sari,maphar,2587,4273,4474,111,32,4,2,0,2,0,10,2,1,6567,10,1,5,12,0,0,0,5,0,0,0,0,0,0,8,0,0,0,0,6,0,3,0,0,0,0,4,0,4,0,0,0,0,0,0,0,0,0,0,0,0,0,0,0,0,11,38,0,7,2,1,0,0,46,0,0,0,0,0,1,0,0,66,0,1,5,0,0,0,1882,282
2013,jakarta barat,taman sari,tangki,2109,3421,3214,65,9,5,5,8,2,1,2,2,2,5824,1,0,3,434,0,0,0,5,0,0,0,0,0,0,13,0,0,0,0,8,5,1,0,0,2,0,8,1,1,0,0,0,0,0,0,0,0,0,0,0,0,0,0,0,0,2,50,0,1,0,0,2,0,12,1,5,0,1,0,0,0,0,34,0,0,179,1,0,0,686,89
2013,jakarta barat,taman sari,mangga besar,984,2117,1899,147,10,0,1,1,2,0,1,0,4,2968,2,0,4,120,1,0,0,3,0,0,0,2,0,0,1,0,0,0,0,5,3,1,0,0,1,0,5,0,4,0,0,0,0,0,0,0,0,0,0,0,0,0,0,0,0,5,34,0,2,4,1,0,1,22,0,0,2,0,0,0,0,0,33,0,0,80,0,0,0,592,56
2013,jakarta barat,taman sari,keagungan,3055,4230,4090,120,44,9,9,45,2,0,8,10,2,6689,11,1,25,503,2,0,0,2,0,1,0,0,0,1,9,1,0,0,0,12,2,0,0,0,1,0,2,0,6,6,1,0,0,0,0,0,0,0,0,0,0,0,0,0,0,3,66,1,3,0,2,1,0,13,2,6,0,0,0,0,2,0,75,0,0,382,0,0,0,1286,312
2013,jakarta barat,taman sari,glodok,917,1999,2012,65,3,3,0,6,2,0,5,0,0,3072,2,1,2,163,0,0,0,1,0,0,0,1,0,0,5,0,0,0,0,1,0,0,0,0,0,0,3,1,1,0,0,0,0,0,0,0,0,0,0,0,0,0,0,0,0,2,40,0,2,1,0,0,0,29,1,0,0,0,0,0,0,1,4,0,0,134,0,0,3,566,123
2013,jakarta barat,taman sari,pinangsia,2363,2621,2205,41,32,8,6,1,2,0,2,2,13,4441,8,0,4,31,1,0,0,2,1,0,0,0,0,0,3,0,0,0,0,0,0,0,0,0,0,0,3,0,4,0,0,0,0,0,0,0,0,0,0,0,0,0,0,0,0,1,53,0,4,0,0,0,1,17,1,3,0,0,0,0,4,0,48,0,0,296,0,0,0,843,159
2013,jakarta barat,tambora,tambora,1777,2705,2828,43,16,5,1,6,2,0,1,0,0,3441,1,0,2,327,0,0,0,3,0,0,0,0,0,0,2,0,1,0,0,0,1,0,0,0,0,0,5,0,1,0,0,0,0,0,0,0,0,0,0,0,0,0,0,0,0,6,67,0,2,0,0,0,1,14,3,1,0,0,0,0,0,0,58,0,0,308,0,0,1,1011,64
2013,jakarta barat,tambora,kali anyar,4230,6216,6778,86,85,20,19,1,2,1,8,6,2,8679,11,1,2,438,1,0,0,0,0,0,0,1,0,0,12,0,3,0,0,2,2,1,0,0,0,0,1,1,12,0,0,0,0,0,0,0,0,0,0,0,0,0,0,0,0,2,137,0,2,0,0,0,0,9,9,11,2,0,0,0,2,0,171,0,0,70,0,0,0,2651,447
2013,jakarta barat,tambora,duri utara,3600,5224,5136,58,38,11,8,0,2,0,5,4,2,6794,13,2,2,790,1,1,0,2,0,0,0,0,0,3,10,0,1,0,1,1,0,0,0,0,0,0,8,0,2,0,0,0,0,0,0,0,0,0,0,0,0,0,0,0,0,3,79,0,0,0,0,0,0,10,2,3,0,0,0,0,2,0,83,0,0,395,1,0,0,1518,255
2013,jakarta barat,tambora,tanah sereal,4464,6613,6916,137,36,9,3,24,4,0,16,9,4,8333,8,2,33,1314,1,0,0,3,1,0,1,1,0,0,19,1,0,3,1,4,5,0,0,0,0,0,9,0,10,5,0,0,0,0,0,0,0,0,0,0,0,0,0,0,0,12,141,0,5,2,1,1,1,33,1,1,3,0,0,0,0,0,129,0,2,262,0,0,1,1998,319
2013,jakarta barat,tambora,kerendang,3466,4942,5318,113,27,6,8,1,2,0,33,19,10,6236,4,0,13,532,1,0,0,1,0,0,0,0,0,0,2,0,0,1,0,3,1,0,0,0,0,0,1,0,4,2,0,0,0,0,0,0,0,0,0,0,0,0,0,0,0,2,81,0,1,0,0,0,0,16,2,1,2,0,0,0,1,0,76,0,0,135,0,0,1,2195,454
2013,jakarta barat,tambora,jembatan besi,5876,7329,7813,68,82,18,10,5,4,2,19,5,5,9353,13,0,5,873,0,0,0,1,1,0,0,0,0,0,9,0,0,0,0,1,6,0,0,0,0,0,5,0,10,2,0,0,0,0,0,0,0,0,0,0,0,0,0,0,0,2,156,0,3,0,1,0,1,12,4,7,0,0,0,0,2,0,191,0,0,561,0,0,1,3667,421
2013,jakarta barat,tambora,angke,4889,7506,7899,76,48,16,9,20,2,3,16,6,1,10596,5,1,3,856,0,0,0,2,0,0,0,1,0,0,4,0,0,0,0,3,1,0,0,0,0,0,8,0,7,1,0,0,0,0,0,0,0,0,0,0,0,0,0,0,0,3,100,0,5,0,0,0,0,27,5,1,2,0,0,0,2,0,129,0,0,562,0,0,0,1915,323
2013,jakarta barat,tambora,jembatan lima,3280,5453,5801,57,33,3,11,3,2,0,14,9,3,6903,7,0,11,749,0,0,0,3,0,2,0,0,0,0,13,0,0,0,0,11,5,1,0,0,0,0,6,0,13,2,1,0,0,0,0,0,0,0,0,0,0,0,0,0,0,3,112,0,5,0,0,3,2,23,4,2,0,0,0,0,2,0,140,0,0,583,0,0,2,1593,220
2013,jakarta barat,tambora,pekojan,3706,5745,6057,85,23,7,2,5,4,5,5,3,2,8440,11,4,3,959,3,1,1,2,0,1,2,0,0,0,14,0,0,5,2,13,5,1,0,0,0,0,12,0,3,1,0,0,0,0,0,0,0,0,0,0,0,0,0,0,0,8,111,0,6,0,1,6,0,21,2,3,0,0,0,0,8,0,93,0,0,459,1,0,14,1483,206
2013,jakarta barat,tambora,roa malaka,435,896,940,38,8,1,2,0,2,1,0,1,0,1444,3,0,4,34,0,0,0,3,0,0,0,0,0,0,0,0,0,0,0,1,1,0,0,0,0,0,2,0,1,0,0,0,0,0,0,0,0,0,0,0,0,0,0,0,0,2,15,0,1,0,0,0,0,17,0,0,1,0,0,0,0,0,9,0,0,137,0,0,1,306,71
2013,jakarta barat,tambora,duri selatan,2442,3642,3990,78,44,4,8,7,2,0,7,6,3,4771,5,0,11,426,0,0,0,4,1,2,0,0,0,0,5,0,0,0,0,2,3,0,0,0,0,0,10,0,4,0,0,0,0,0,0,0,0,0,0,0,0,0,0,0,0,5,84,0,0,0,1,0,1,13,0,2,0,0,0,0,0,0,55,0,0,256,0,0,0,1236,284
2013,jakarta barat,kebon jeruk,kebon jeruk,8569,10485,12762,861,861,57,47,112,44,0,23,32,13,13575,186,14,121,1169,91,3,3,20,0,6,1,3,0,3,13,0,1,0,4,27,23,0,4,2,1,1,14,7,68,16,5,0,2,0,1,0,0,0,0,0,0,0,0,0,1,54,590,9,26,5,11,8,20,105,19,45,5,0,0,0,6,3,235,0,0,267,1,0,17,4614,1058
2013,jakarta barat,kebon jeruk,sukabumi utara,6255,7988,9940,471,426,68,34,9,2,1,13,15,1,10200,90,6,10,174,0,0,0,3,0,0,0,0,0,0,4,0,0,1,0,2,10,0,0,0,0,0,3,0,36,0,0,0,0,0,0,0,0,0,0,0,0,0,0,1,0,32,584,3,11,3,6,0,6,58,6,9,1,1,1,0,8,1,88,0,0,691,0,0,0,4697,331
2013,jakarta barat,kebon jeruk,sukabumi selatan,6800,7971,9870,261,307,27,23,0,4,0,20,23,1,9143,132,2,4,171,2,0,0,0,0,0,0,0,0,0,15,0,0,0,1,0,5,0,0,0,0,0,2,0,22,0,0,0,1,0,0,0,0,0,0,0,0,0,0,0,0,30,459,0,4,1,3,1,4,63,7,16,0,1,0,0,0,0,84,0,0,94,0,0,0,5575,507
2013,jakarta barat,kebon jeruk,kelapa dua,3881,4641,6107,515,539,113,25,5,4,0,9,8,1,6332,79,6,3,243,3,0,0,9,0,0,0,0,0,0,3,0,0,0,0,1,3,0,0,0,0,0,2,0,34,1,0,0,0,0,0,0,0,0,0,0,0,0,0,1,0,24,308,3,11,6,5,2,2,67,7,19,2,1,1,1,7,0,47,0,0,320,0,0,1,2147,392
2013,jakarta barat,kebon jeruk,duri kepa,9136,13771,14635,778,265,20,35,0,4,0,24,33,6,18533,38,2,9,1422,0,0,0,1,0,1,0,0,0,0,1,0,0,0,0,4,11,0,0,0,0,0,39,3,28,1,0,0,0,0,0,0,0,0,0,0,0,0,0,0,0,64,357,1,22,7,4,4,8,234,7,11,2,1,0,0,0,2,212,1,0,108,0,0,4,5616,699
2013,jakarta barat,kebon jeruk,kedoya utara,7855,10178,11099,382,148,40,108,9,5,1,15,16,6,13774,27,3,11,930,2,0,0,6,0,2,1,1,1,2,3,1,0,0,0,8,7,0,0,0,0,0,10,2,18,2,0,0,0,0,0,0,0,0,0,0,0,0,0,0,0,26,298,0,12,3,7,5,4,125,8,16,1,1,0,0,1,1,215,0,0,675,0,0,9,3528,545
2013,jakarta barat,kebon jeruk,kedoya selatan,5393,6968,7985,281,244,18,11,4,5,1,6,2,2,10434,25,0,3,930,1,0,0,6,0,0,0,1,0,0,4,0,0,1,0,3,8,0,0,0,0,0,18,3,24,2,0,0,0,0,0,0,0,0,0,0,0,0,0,0,0,26,342,1,12,4,3,2,8,103,6,12,3,2,0,0,0,0,108,0,0,295,0,0,0,1908,146
2013,jakarta barat,kali deres,kalideres,12752,15337,18525,502,348,106,292,18,7,1,38,17,13,22833,53,3,45,1448,5,0,0,9,2,1,5,0,0,1,10,0,4,0,2,1,10,0,0,0,0,0,27,0,30,8,1,0,1,1,0,0,0,0,0,0,0,0,0,0,0,27,647,9,13,3,1,2,4,100,38,43,1,1,0,0,10,1,214,0,0,435,0,0,1,3869,625
2013,jakarta barat,kali deres,semanan,14481,14569,17967,165,228,53,63,118,29,3,25,11,6,20224,20,1,25,1738,5,0,1,1,0,1,0,1,1,0,2,1,0,0,0,2,7,0,0,0,1,0,6,1,14,4,0,0,0,0,0,0,0,0,0,0,0,0,0,0,0,17,552,0,1,0,0,0,1,35,24,23,0,0,0,0,0,0,162,0,0,1116,0,0,3,5461,786
2013,jakarta barat,kali deres,tegal alur,16700,19172,20039,375,410,53,77,2,4,9,44,33,7,27767,42,0,10,2268,4,0,0,2,0,0,0,1,0,0,9,0,0,0,0,10,7,1,1,0,0,0,26,1,27,7,0,0,0,0,0,0,0,0,0,0,0,0,0,0,0,17,591,0,4,1,0,0,0,43,31,21,1,0,0,0,2,0,333,0,0,666,0,0,0,3887,1000
2013,jakarta barat,kali deres,kamal,9734,12014,12111,142,139,22,21,9,9,3,108,25,21,12905,11,0,23,3295,19,4,0,1,0,0,3,2,0,1,0,0,0,0,0,1,0,0,0,0,0,0,4,0,8,1,0,0,0,0,0,0,0,0,0,0,0,0,0,0,0,12,397,0,3,0,0,0,1,15,11,6,0,0,0,0,4,0,121,0,1,173,0,0,2,2212,1438
2013,jakarta barat,kali deres,pegadungan,11323,15193,18284,483,247,33,40,2,8,2,32,20,8,18650,38,2,18,2028,1,0,0,4,0,0,0,0,0,0,1,0,1,0,0,7,3,0,0,1,0,0,38,1,26,0,0,0,0,0,0,0,0,0,0,0,0,0,0,1,0,25,657,13,13,2,2,0,4,110,19,23,1,2,0,1,8,1,77,0,0,316,0,0,3,5747,830
2013,jakarta barat,palmerah,palmerah,10099,13229,16489,771,783,101,240,4,2,1,17,13,5,18930,154,3,20,2005,5,0,0,19,0,0,0,0,0,0,33,0,0,0,0,19,15,1,0,1,1,0,13,2,42,5,0,0,1,0,0,0,1,0,0,0,0,0,0,0,0,58,622,0,27,2,3,0,7,113,20,40,4,0,0,0,3,0,282,0,0,1123,0,0,25,4947,470
2013,jakarta barat,palmerah,slipi,2725,3700,4560,205,203,7,400,6,2,0,4,5,1,5367,34,1,7,337,1,0,0,8,0,4,0,0,0,0,4,0,0,0,0,2,7,0,0,0,0,0,8,4,15,0,0,0,0,0,0,0,5,0,0,0,0,0,0,0,0,10,161,1,9,0,3,1,3,36,12,12,1,0,0,0,2,0,41,0,0,178,0,0,0,1074,207
2013,jakarta barat,palmerah,kota bambu utara,5018,6087,6482,169,250,16,17,3,2,0,2,4,0,7133,19,2,3,769,0,0,1,2,0,0,0,0,0,0,1,0,0,0,0,0,3,0,0,0,0,0,4,0,7,2,0,0,0,0,0,0,0,0,0,0,0,0,0,0,0,9,166,0,4,1,1,0,4,43,3,8,0,3,0,0,2,0,89,0,0,648,0,0,0,2314,68
2013,jakarta barat,palmerah,jati pulo,5174,6869,7657,292,305,21,25,3,4,1,3,3,3,9224,58,7,26,588,0,0,0,10,0,1,0,1,0,0,6,0,1,0,0,11,5,0,0,0,1,0,7,0,22,4,0,0,0,0,0,0,0,0,0,0,0,0,0,0,0,25,179,0,11,4,4,1,3,76,7,18,1,0,0,0,4,1,198,0,1,657,0,0,0,2144,116
2013,jakarta barat,palmerah,kemanggisan,5447,6746,8833,653,777,34,27,55,4,2,16,12,7,9728,239,10,52,867,4,0,3,35,1,3,1,0,0,0,5,1,1,0,4,11,15,0,0,1,0,0,15,1,40,1,1,0,3,0,1,0,0,0,0,0,0,0,0,0,0,66,297,3,24,8,11,1,15,143,9,11,10,0,0,0,9,0,145,0,0,344,0,0,0,2951,329
2013,jakarta barat,palmerah,kota bambu selatan,3702,5027,5878,166,189,17,17,5,5,0,5,4,1,5952,39,4,5,738,0,0,0,1,0,3,0,0,0,0,3,0,0,0,0,4,2,0,0,0,0,0,8,0,8,0,0,0,0,0,0,0,0,0,0,0,0,0,0,0,0,4,155,0,3,1,1,1,0,14,3,19,0,0,0,0,2,0,95,0,0,525,0,0,0,2326,129
2013,jakarta barat,kembangan,kembangan utara,8992,11829,12949,247,262,40,44,1,38,0,18,10,5,15442,52,0,35,407,2,1,0,11,0,0,0,0,0,0,6,0,0,0,0,3,4,0,0,0,0,0,15,0,16,1,0,0,0,0,0,0,0,0,0,0,0,0,0,0,0,33,432,1,11,3,4,7,6,77,18,23,1,1,0,0,5,1,151,0,0,172,0,0,0,5514,419
2013,jakarta barat,kembangan,meruya utara,6340,8700,10175,809,516,27,29,4,11,2,19,6,4,13399,103,1,1,271,23,0,0,7,0,0,0,0,0,0,0,0,0,0,0,1,7,0,0,0,0,0,26,0,36,0,0,0,1,0,0,0,0,0,0,0,0,0,0,2,0,61,346,1,14,5,9,1,6,157,8,9,6,1,0,0,4,0,112,0,0,27,0,0,0,3814,623
2013,jakarta barat,kembangan,meruya selatan,5275,5850,7047,582,763,23,28,2,27,0,13,10,6,7207,126,5,54,523,30,1,0,10,0,0,0,0,0,0,1,0,0,0,0,7,11,0,0,0,1,0,2,3,32,0,1,0,1,0,0,0,0,0,0,0,0,0,0,0,0,36,361,0,13,4,3,0,6,50,7,27,2,0,0,0,2,0,81,0,1,143,0,0,5,2847,528
2013,jakarta barat,kembangan,srengseng,7046,8704,10998,536,564,33,49,6,4,1,17,24,6,11708,70,4,13,593,0,0,0,12,0,0,0,0,0,0,2,0,0,0,0,0,11,1,0,0,0,0,7,0,25,2,0,0,1,0,0,0,0,0,0,0,0,0,0,1,0,29,486,1,17,3,2,3,10,97,19,28,2,0,1,0,6,1,116,0,0,366,0,0,1,4203,633
2013,jakarta barat,kembangan,joglo,6707,8118,10105,731,844,19,40,33,7,2,4,8,4,10681,138,5,30,877,5,0,0,6,0,1,0,0,0,0,1,0,0,0,0,0,9,0,0,1,0,0,9,0,49,0,0,0,2,0,0,0,0,0,0,0,0,0,0,0,0,72,491,6,8,2,6,0,8,116,14,24,1,0,0,0,1,0,135,0,0,183,0,0,2,3012,306
2013,jakarta barat,kembangan,kembangan selatan,3648,5703,7176,254,189,10,9,0,9,2,10,8,5,7862,23,4,7,353,24,0,0,10,0,0,0,0,0,0,1,0,0,0,0,0,2,0,0,0,0,0,12,0,27,0,0,0,0,0,0,0,0,0,0,0,0,0,0,0,0,41,200,0,15,3,10,0,9,117,5,7,1,1,0,0,2,2,56,0,0,177,0,0,1,1924,391
2013,jakarta selatan,tebet,tebet timur,2333,3473,4772,643,444,20,20,2,5,0,5,20,2,5480,227,11,3,58,0,0,0,13,0,0,0,0,0,0,1,0,1,0,0,1,21,0,0,0,0,0,15,0,31,2,0,0,1,0,0,0,0,0,0,0,0,0,0,0,0,68,165,3,27,11,4,0,12,163,5,5,3,2,1,0,5,1,34,0,0,85,1,0,0,1537,481
2013,jakarta selatan,tebet,tebet barat,2714,4013,6057,594,511,22,25,2,3,1,3,7,0,6899,186,5,12,162,0,0,0,15,0,0,0,0,0,0,7,0,0,0,0,0,21,0,0,1,0,1,16,0,43,1,1,1,2,0,0,0,0,0,0,0,0,0,0,0,0,61,169,4,36,16,9,1,16,164,6,12,2,1,0,0,2,2,68,0,0,150,0,0,1,1906,263
2013,jakarta selatan,tebet,menteng dalam,6109,8174,9574,721,608,23,22,0,6,0,8,15,1,11944,226,5,24,852,2,0,1,8,1,0,1,1,0,0,9,0,0,0,0,2,26,0,0,0,1,0,11,6,34,6,0,0,3,0,0,0,0,1,0,0,0,0,0,1,0,47,370,1,21,9,7,2,9,112,9,14,2,0,0,0,4,2,145,0,0,316,0,0,1,2276,403
2013,jakarta selatan,tebet,kebon baru,5893,7951,9540,569,509,32,22,1,2,0,7,9,3,10819,157,6,15,845,0,0,0,12,0,0,0,0,0,0,3,0,0,0,0,19,22,0,0,0,1,0,5,0,28,1,0,0,2,1,0,0,0,0,0,0,0,0,0,1,0,50,392,4,30,6,8,0,3,101,10,20,4,1,0,0,5,0,145,0,0,124,0,0,0,3276,398
2013,jakarta selatan,tebet,bukit duri,6016,8250,9861,534,507,23,26,3,3,1,12,17,3,10781,145,6,10,788,0,0,0,4,0,0,0,0,0,0,8,0,1,1,0,8,16,1,0,0,2,0,3,0,35,7,0,0,1,0,0,0,0,0,0,0,0,0,0,0,0,35,314,3,9,2,1,2,9,56,11,21,5,0,0,0,17,1,170,0,1,442,0,0,1,2868,974
2013,jakarta selatan,tebet,manggarai selatan,3988,5169,5855,418,436,34,23,5,2,0,3,10,0,7300,129,10,9,586,0,0,0,6,1,0,1,1,0,0,10,0,1,0,0,6,9,0,0,0,0,0,3,1,29,0,0,0,0,1,0,0,0,0,0,0,0,0,0,0,0,27,246,1,7,1,1,0,5,41,4,10,0,0,0,0,5,0,84,0,0,260,0,0,0,1704,414
2013,jakarta selatan,tebet,manggarai,5353,7118,7793,493,477,65,23,3,2,0,4,6,3,8593,190,3,33,984,0,0,0,3,0,0,0,0,0,0,8,0,0,0,0,6,14,0,0,0,1,0,4,0,21,0,0,0,0,0,0,0,0,0,0,0,0,0,0,0,0,20,200,0,6,0,1,0,0,19,6,20,1,0,0,0,7,0,169,0,0,633,0,0,1,1673,478
2013,jakarta selatan,setia budi,setia budi,479,599,808,75,57,3,3,1,2,0,1,1,1,1034,14,0,1,46,0,0,0,4,0,0,0,0,0,0,0,0,0,0,0,1,2,0,0,0,0,0,5,0,3,0,0,0,0,0,0,0,0,2,0,0,0,0,0,0,0,11,21,0,3,0,0,0,0,19,1,1,0,1,0,0,0,0,8,0,0,6,0,0,0,340,64
2013,jakarta selatan,setia budi,karet semanggi,367,597,644,19,15,2,3,4,2,0,1,1,0,750,4,0,3,41,0,0,0,0,0,0,0,0,0,0,0,0,0,0,0,0,0,0,0,0,0,0,0,0,4,0,0,0,0,0,0,0,0,0,0,0,0,0,0,0,0,0,10,0,5,0,1,0,1,11,0,1,0,0,0,0,1,0,6,0,0,40,0,0,0,321,26
2013,jakarta selatan,setia budi,karet kuningan,2428,3531,4687,84,103,3,8,3,2,1,1,1,14,5434,14,0,0,12,1,0,0,4,0,0,0,0,0,0,10,0,0,0,0,1,2,0,0,0,0,0,1,0,12,0,0,0,0,0,0,0,0,0,0,0,0,0,0,0,0,14,154,0,4,1,1,0,0,8,3,4,0,0,0,0,0,0,36,0,0,252,0,0,0,1645,159
2013,jakarta selatan,setia budi,karet,1576,2226,2746,168,131,8,20,1,2,0,3,1,0,3517,24,0,9,179,0,0,0,3,0,0,0,0,0,0,3,0,0,0,0,0,2,0,0,0,0,0,1,0,13,0,0,0,0,0,0,0,0,0,0,0,0,0,0,1,0,15,106,0,9,1,2,1,1,23,3,2,3,0,0,0,2,0,16,0,0,183,0,0,0,1103,61
2013,jakarta selatan,setia budi,menteng atas,4867,6265,7050,432,462,33,23,3,2,0,3,0,3,8546,105,3,11,886,1,0,0,4,0,0,0,0,0,0,3,0,0,0,0,14,15,0,0,0,1,0,7,0,20,2,0,0,0,0,0,0,1,0,0,0,0,0,0,0,0,25,272,2,24,4,2,0,5,71,4,17,0,0,0,0,2,2,96,0,0,385,0,0,0,2037,230
2013,jakarta selatan,setia budi,pasar manggis,4908,6280,7083,308,309,151,14,27,2,1,19,16,10,8212,91,7,26,410,1,0,0,4,0,0,0,0,0,0,6,0,0,0,0,3,18,0,0,0,0,1,9,0,15,1,0,0,0,0,0,0,0,0,0,0,0,0,0,1,0,22,168,2,7,3,2,1,3,38,6,21,1,0,0,0,2,0,121,0,0,590,0,0,0,2009,578
2013,jakarta selatan,setia budi,guntur,774,835,847,124,59,4,5,0,2,0,3,3,0,1544,17,1,5,29,0,0,0,3,0,0,0,0,0,0,0,0,1,0,0,0,3,0,0,0,0,0,5,0,3,0,0,0,0,0,0,0,0,0,0,0,0,0,0,0,0,9,35,0,3,1,0,3,4,28,2,1,0,0,0,0,0,0,20,0,0,54,0,0,0,178,54
2013,jakarta selatan,setia budi,kuningan timur,847,1320,1827,68,58,23,0,0,2,0,5,4,4,2114,12,1,4,104,0,0,0,3,0,0,0,0,0,1,0,0,0,0,0,1,1,0,0,0,0,0,0,0,3,0,1,0,0,0,0,0,1,1,4,0,0,0,0,0,0,17,85,0,3,2,2,2,3,30,0,1,0,0,0,0,0,0,7,0,0,50,0,0,0,485,54
2013,jakarta selatan,mampang prapatan,mampang prapatan,3306,4051,5076,226,262,21,22,0,2,0,11,4,0,6073,63,4,4,208,0,0,0,1,0,0,0,0,0,0,16,0,0,0,0,6,5,0,0,0,0,0,0,0,24,0,0,0,0,0,0,0,3,0,0,0,0,0,0,0,0,22,225,0,9,2,1,0,4,15,3,4,1,0,0,0,3,0,54,0,0,263,0,0,0,1448,214
2013,jakarta selatan,mampang prapatan,bangka,3481,4744,5714,155,119,12,18,2,2,0,7,1,0,6257,41,1,7,569,1,0,0,27,0,0,1,0,0,0,0,0,0,0,0,0,14,0,0,1,0,0,3,0,8,0,0,0,4,0,0,0,0,1,0,0,0,0,0,1,0,20,181,1,17,3,10,0,9,55,3,6,2,1,0,0,1,0,67,0,0,209,0,0,0,2267,154
2013,jakarta selatan,mampang prapatan,pela mampang,7019,9375,11396,655,513,38,171,1,3,0,17,7,1,14755,158,2,22,1275,4,0,0,39,0,1,0,0,0,0,15,0,0,0,0,1,37,0,0,0,2,0,8,0,23,2,2,0,2,0,0,0,0,0,0,0,0,0,0,0,0,64,481,2,19,8,11,1,12,82,13,23,0,1,0,0,0,1,280,0,0,546,0,0,1,2744,271
2013,jakarta selatan,mampang prapatan,tegal parang,5832,6762,8333,250,325,24,58,8,2,0,4,8,2,9963,77,4,10,102,0,0,0,3,0,0,0,0,0,0,3,0,0,0,0,0,14,0,0,0,0,0,5,0,24,0,0,0,3,1,0,0,0,0,0,0,0,0,0,1,0,36,498,1,11,1,1,0,3,47,6,9,4,0,0,0,4,0,38,0,0,405,0,0,1,3723,315
2013,jakarta selatan,mampang prapatan,kuningan barat,2319,2761,3317,74,133,7,15,1,4,0,1,2,2,4839,10,2,2,124,0,0,0,5,0,0,0,0,0,0,9,0,0,0,0,0,1,0,0,0,0,0,0,0,5,0,0,0,0,0,0,0,0,0,0,0,0,0,0,0,0,8,105,0,3,0,0,0,0,4,1,4,0,1,0,0,0,0,63,0,0,339,0,0,0,579,79
2013,jakarta selatan,pasar minggu,pasar minggu,3783,4728,7068,855,1027,34,124,0,3,1,4,2,0,6773,233,4,46,291,0,0,0,10,0,0,0,0,0,0,1,0,0,0,0,1,13,0,0,0,0,0,8,0,17,0,0,0,3,1,0,0,0,0,0,0,0,0,0,1,0,73,209,4,10,5,2,0,5,84,8,9,1,1,0,1,4,2,68,0,0,548,0,0,1,1619,112
2013,jakarta selatan,pasar minggu,jati padang,6307,7501,9555,712,1005,44,47,11,2,0,3,2,3,11870,155,4,8,482,1,0,0,4,0,0,0,0,0,0,2,0,0,0,0,5,23,0,0,0,0,0,8,0,44,3,0,1,4,0,0,0,1,0,0,0,0,0,0,1,0,75,383,6,17,6,9,2,16,117,4,22,1,1,0,1,8,1,51,0,0,178,0,0,6,2317,282
2013,jakarta selatan,pasar minggu,cilandak timur,4646,5141,6275,317,452,1924,36,0,6,0,1,4,3,6953,55,4,15,328,2,0,0,5,0,0,0,0,0,0,0,0,0,1,0,2,11,0,0,0,0,0,2,0,20,0,0,0,0,1,0,0,0,0,1,0,0,0,0,0,0,33,285,0,10,3,1,0,8,49,21,41,2,1,0,0,2,1,49,0,0,99,0,0,0,1536,134
2013,jakarta selatan,pasar minggu,ragunan,6731,8194,9717,776,990,191,154,8,2,0,6,8,4,12647,149,3,22,220,0,0,0,11,0,0,0,0,0,0,0,0,0,0,0,0,17,0,0,0,0,0,3,1,25,0,0,0,0,0,0,0,0,0,0,0,0,0,0,0,0,49,306,1,20,9,8,0,15,84,6,13,2,3,0,0,1,2,62,0,0,123,0,0,3,2982,262
2013,jakarta selatan,pasar minggu,pejaten timur,10450,12007,15670,767,1267,67,71,3,2,0,7,4,0,14999,278,7,37,1232,3,0,0,6,1,0,0,0,1,0,24,0,0,0,0,7,22,0,0,0,0,0,5,0,58,2,2,0,3,0,0,0,0,0,0,0,0,0,0,2,0,72,500,4,15,10,2,1,7,103,14,36,6,1,0,0,10,5,221,0,0,1333,0,0,0,5406,402
2013,jakarta selatan,pasar minggu,pejaten barat,6140,7510,9709,709,704,38,444,5,2,1,7,13,1,11753,172,2,15,531,0,0,0,9,0,0,0,0,0,0,14,0,0,0,0,5,25,0,0,0,0,0,2,0,35,0,0,0,7,0,1,0,1,0,0,0,0,0,0,2,0,70,311,8,26,12,14,4,19,160,11,24,5,3,0,0,3,1,118,0,0,269,0,0,0,2380,263
2013,jakarta selatan,pasar minggu,kebagusan,8314,8874,10803,465,893,72,63,2,9,0,1,7,1,12402,129,4,30,865,4,0,0,6,0,0,0,0,0,1,4,0,0,0,0,3,11,0,0,0,0,0,4,0,31,4,1,0,1,0,0,0,0,0,0,0,0,0,0,0,0,34,465,3,12,5,3,1,7,63,14,23,4,1,0,0,7,2,139,0,0,280,0,0,1,2551,172
2013,jakarta selatan,kebayoran lama,kebayoran lama utara,6878,8931,11083,575,586,62,101,9,2,1,17,15,4,11705,138,11,34,694,0,0,0,6,0,0,0,0,0,0,2,0,0,0,0,8,17,0,0,0,0,0,9,0,46,2,0,0,2,1,0,0,0,0,1,0,0,0,0,0,0,54,384,3,19,5,6,1,7,101,9,29,2,1,1,0,6,0,228,0,0,1034,0,0,0,6095,647
2013,jakarta selatan,kebayoran lama,pondok pinang,8648,10864,14141,1204,1068,62,306,15,3,0,13,33,11,17760,179,3,8,443,0,0,0,20,0,0,0,15,0,0,4,0,0,0,0,3,21,0,0,0,0,0,9,1,37,1,0,0,5,0,2,0,0,0,0,0,0,0,0,0,0,101,575,16,32,12,17,1,22,248,10,31,4,5,0,0,0,1,74,0,0,199,0,0,0,3170,1390
2013,jakarta selatan,kebayoran lama,cipulir,6454,7965,10311,454,479,193,38,0,3,2,15,18,3,10952,125,2,26,615,1,0,1,3,0,0,0,0,0,0,10,0,1,0,0,4,10,0,0,0,0,0,7,0,20,0,0,0,0,0,0,0,0,0,0,0,0,0,0,0,0,26,408,1,9,1,2,4,5,49,10,19,1,0,0,0,4,0,159,0,0,1120,0,1,0,3613,492
2013,jakarta selatan,kebayoran lama,grogol utara,7092,9445,10621,444,338,24,21,0,2,0,5,3,0,12595,66,1,8,1243,1,0,0,7,0,0,0,0,0,0,10,0,0,0,0,0,11,0,0,0,0,0,10,0,27,2,0,0,1,0,0,0,0,0,0,0,0,0,0,1,0,42,389,3,16,2,2,1,12,67,6,14,0,0,0,0,3,2,107,0,0,139,0,0,0,4632,312
2013,jakarta selatan,kebayoran lama,grogol selatan,7183,9258,10885,605,546,38,46,13,2,0,13,8,8,13134,133,2,18,563,1,0,0,11,0,0,0,0,0,0,14,0,0,0,0,5,13,0,0,0,0,0,7,0,30,1,1,0,2,0,0,0,0,0,0,0,0,0,0,1,0,53,397,4,19,3,12,1,5,85,7,21,2,1,0,0,3,1,150,0,0,600,0,0,0,3955,586
2013,jakarta selatan,kebayoran lama,kebayoran lama selatan,6358,8071,10356,902,799,336,91,1,2,0,8,5,1,13200,123,4,7,796,1,0,0,2,0,0,0,0,0,0,6,0,0,0,0,2,13,0,0,0,0,0,10,0,40,2,0,0,1,0,0,0,0,0,0,0,0,0,0,0,0,37,369,2,13,2,2,0,3,66,8,39,3,3,0,0,6,0,88,0,0,194,0,0,0,2653,590
2013,jakarta selatan,cilandak,cilandak barat,7405,10598,13256,1003,940,44,55,0,4,0,5,8,3,17546,286,5,17,236,1,0,0,12,0,0,0,0,0,0,5,0,0,1,0,1,23,0,0,1,1,0,12,9,58,0,0,0,4,0,0,0,0,1,0,0,0,0,0,0,0,102,431,13,29,13,17,4,9,159,11,49,2,1,1,1,0,1,99,0,1,12,0,0,0,3865,1323
2013,jakarta selatan,cilandak,lebak bulus,5702,7194,9339,773,875,39,46,1,7,1,8,10,0,9763,113,4,15,19,2,0,0,25,0,0,0,0,0,0,2,0,0,0,0,0,11,0,0,0,0,0,11,0,31,1,0,0,3,0,0,0,0,0,0,0,0,0,0,1,0,81,378,16,37,10,13,2,7,165,16,31,4,2,0,0,6,1,82,0,0,167,0,0,15,3626,315
2013,jakarta selatan,cilandak,pondok labu,7689,8602,10949,1048,1220,200,70,0,9,1,12,17,2,13082,183,2,24,529,1,0,0,14,0,0,0,0,0,0,1,0,0,0,0,8,26,0,0,1,1,0,10,1,41,0,0,0,3,1,0,0,0,0,1,0,0,0,0,0,1,81,420,7,19,8,4,1,14,110,12,43,4,0,0,0,5,4,181,0,0,265,0,0,3,2728,529
2013,jakarta selatan,cilandak,gandaria selatan,3709,4238,5471,327,349,16,33,19,2,0,2,1,24,7375,64,1,9,236,0,0,1,4,0,0,0,0,0,0,0,0,0,0,2,2,12,0,0,0,0,0,13,0,11,0,0,0,1,0,0,0,0,0,0,0,0,0,0,0,0,32,214,6,14,5,2,2,0,59,7,6,1,1,0,0,0,0,60,0,0,83,0,0,2,1380,520
2013,jakarta selatan,cilandak,cipete selatan,3855,5783,7698,451,367,20,20,3,3,0,4,12,1,9176,151,0,6,284,9,0,0,14,0,0,0,0,0,0,4,0,0,0,0,8,19,0,0,0,1,0,7,0,17,2,0,0,7,0,0,0,0,0,0,0,0,0,0,0,0,57,205,7,20,7,12,2,14,81,7,13,1,1,1,0,1,0,98,0,0,111,0,0,0,1319,330
2013,jakarta selatan,kebayoran baru,melawai,267,495,743,116,74,6,60,3,2,0,2,5,0,836,37,1,0,1,0,0,0,5,0,0,0,0,0,0,0,0,0,0,0,1,4,0,0,0,0,0,5,0,4,0,0,0,2,0,0,0,0,1,0,0,0,0,0,0,0,17,8,3,8,3,6,2,7,42,0,1,0,2,0,0,0,0,2,0,0,6,0,0,0,284,115
2013,jakarta selatan,kebayoran baru,gunung,1322,1955,2471,283,198,9,9,2,3,0,2,1,0,2894,62,3,10,74,0,0,0,14,0,0,0,0,0,0,1,0,0,0,0,1,6,0,0,2,1,0,4,0,12,1,0,0,2,0,0,0,0,1,0,0,0,0,0,0,0,27,52,2,14,4,8,2,12,86,1,8,1,1,0,0,3,1,27,0,0,124,0,0,0,839,42
2013,jakarta selatan,kebayoran baru,kramat pela,2046,2826,3637,326,262,9,21,6,2,0,1,3,1,4399,98,1,14,182,0,0,0,22,0,0,0,0,0,0,10,0,0,1,0,0,12,0,1,2,0,0,3,1,19,0,0,0,3,1,0,0,0,1,0,0,0,0,0,0,0,32,102,1,12,5,6,4,6,59,4,9,0,0,0,0,0,1,98,0,0,306,1,0,6,1188,73
2013,jakarta selatan,kebayoran baru,selong,445,738,925,160,76,4,4,0,2,0,4,6,1,1139,23,1,2,31,0,0,0,7,0,0,0,0,0,0,0,0,0,0,0,0,4,0,0,0,0,0,1,0,7,2,0,0,4,0,0,0,0,1,1,0,0,0,0,0,0,19,10,2,4,4,4,0,1,34,2,1,0,1,0,0,0,2,10,0,0,24,0,0,0,348,155
2013,jakarta selatan,kebayoran baru,rawa barat,706,1144,1622,259,139,2,10,1,2,0,4,2,3,1969,43,1,10,61,0,0,0,9,0,0,0,0,0,0,2,0,0,0,0,3,8,0,0,1,0,0,0,1,4,0,0,0,2,0,0,0,0,0,0,0,0,0,0,0,0,27,64,3,10,5,4,0,8,71,1,3,0,1,1,1,0,1,21,0,1,42,0,0,0,387,81
2013,jakarta selatan,kebayoran baru,senayan,494,803,1041,78,57,2,11,0,3,0,2,0,0,1188,30,2,9,25,0,0,0,4,0,0,0,0,0,0,0,0,1,0,0,0,1,0,0,0,1,0,1,0,6,0,0,0,2,0,0,0,0,2,0,0,0,0,0,0,0,11,54,0,7,0,1,0,3,22,1,2,2,0,0,0,1,1,10,0,0,34,0,0,0,397,46
2013,jakarta selatan,kebayoran baru,pulo,711,1166,1669,139,114,10,3,0,2,0,1,0,0,2188,50,1,1,10,2,0,0,4,0,0,0,0,0,0,1,0,0,1,0,0,5,0,0,0,0,0,1,0,10,0,0,0,3,0,0,0,0,0,0,0,0,0,0,0,0,27,40,1,11,4,4,0,1,54,2,0,0,1,0,0,0,0,5,0,0,87,0,0,0,464,65
2013,jakarta selatan,kebayoran baru,petogogan,1840,2476,3040,255,138,7,21,1,4,0,4,3,0,4415,64,6,6,188,1,0,0,6,0,0,0,0,0,0,4,0,0,0,0,0,5,0,0,0,0,0,5,0,8,0,0,0,2,0,0,0,0,0,1,0,0,0,0,1,0,32,75,3,5,2,7,0,5,38,0,1,0,2,0,0,1,0,107,0,0,109,0,0,0,622,156
2013,jakarta selatan,kebayoran baru,gandaria utara,5962,7829,10051,734,672,75,69,3,2,0,11,8,7,14168,135,2,5,389,0,0,0,9,0,0,1,0,0,0,6,0,0,0,0,2,28,0,0,1,1,0,3,1,34,0,0,0,2,0,0,0,0,0,0,0,0,0,0,0,0,48,357,2,16,6,5,0,10,76,6,16,3,0,0,1,5,0,76,0,0,155,0,0,0,2795,658
2013,jakarta selatan,kebayoran baru,cipete utara,6087,6789,8366,344,428,16,62,1,2,4,6,3,1,11672,68,4,8,874,1,0,0,9,5,0,1,1,2,2,18,1,1,0,0,36,18,0,0,1,0,0,4,0,23,0,0,0,1,0,0,0,0,0,0,0,0,0,0,1,0,39,320,2,14,6,2,1,4,72,6,12,4,1,0,0,3,1,223,1,0,891,1,0,0,1128,206
2013,jakarta selatan,pancoran,pancoran,3230,3929,5010,236,288,106,23,1,2,0,4,5,3,5704,63,1,6,250,0,0,0,5,0,1,0,0,0,0,4,0,0,0,0,1,9,0,0,0,1,0,1,0,16,1,0,0,0,0,0,0,1,0,0,0,0,0,0,0,0,35,334,3,9,3,0,0,1,42,3,10,0,0,0,0,2,0,42,0,0,196,0,0,0,1451,198
2013,jakarta selatan,pancoran,kalibata,7216,8926,11249,654,566,183,63,0,2,2,9,11,5,11959,136,4,21,487,0,0,0,13,0,0,0,0,0,0,20,0,0,0,0,5,14,0,0,0,0,0,7,0,22,0,0,0,2,0,0,0,0,0,0,0,0,0,0,0,0,56,513,15,17,8,10,0,14,98,12,25,1,3,0,0,7,1,147,0,0,181,0,0,0,3958,326
2013,jakarta selatan,pancoran,rawa jati,2714,3461,4451,416,462,78,19,3,3,0,12,18,8,5776,119,2,22,141,0,0,0,6,0,0,0,0,0,0,0,0,0,0,0,0,4,0,0,0,0,0,3,0,26,0,0,0,71,1,0,0,0,0,0,0,0,0,0,0,0,30,148,2,12,3,1,1,6,71,2,16,3,1,0,0,3,2,69,0,0,37,0,0,0,1256,560
2013,jakarta selatan,pancoran,duren tiga,4767,5952,7179,461,379,21,67,1,3,0,4,5,4,8857,155,3,22,725,0,0,0,13,0,0,0,1,0,0,4,0,1,0,0,8,22,0,0,1,0,1,8,0,22,1,1,0,5,0,0,0,0,0,0,0,0,0,0,0,0,51,266,8,15,10,6,0,13,112,4,9,1,1,0,0,3,0,115,0,1,441,0,0,1,1835,228
2013,jakarta selatan,pancoran,pengadegan,3476,4300,5035,392,379,33,133,0,4,1,4,5,2,6674,72,3,21,374,1,0,0,8,0,0,0,1,0,0,3,0,0,0,0,1,7,0,0,0,0,0,6,0,21,0,0,0,3,0,0,0,0,0,0,0,0,0,0,0,0,28,217,2,11,5,0,0,4,77,7,13,0,0,1,0,7,0,102,0,0,224,0,0,0,1028,184
2013,jakarta selatan,pancoran,cikoko,1873,2178,2793,143,230,17,74,3,2,1,6,9,2,4107,37,3,3,91,0,0,0,1,0,0,0,0,0,0,3,0,0,0,0,1,4,0,0,0,0,0,4,0,10,0,0,0,2,0,0,0,0,0,0,0,0,0,0,0,0,8,130,0,2,0,1,1,1,26,1,11,1,0,0,0,2,1,22,0,0,159,0,0,0,615,140
2013,jakarta selatan,jagakarsa,jagakarsa,9846,12182,15702,682,1203,149,104,5,76,1,13,10,13,14309,160,2,42,1062,2,0,0,10,0,0,0,0,0,0,11,0,0,0,0,15,17,0,0,0,0,0,5,0,41,3,2,0,3,0,0,0,0,0,0,0,0,0,0,0,0,73,652,5,15,5,4,0,9,94,30,37,3,0,0,0,9,2,234,0,1,407,0,0,2,4903,597
2013,jakarta selatan,jagakarsa,srengseng sawah,9605,11461,14556,1006,1263,1584,147,2,22,0,6,4,10,14269,154,4,40,1064,1,0,0,3,0,0,0,0,0,0,2,0,0,0,0,9,17,0,0,0,0,0,6,9,51,0,0,0,0,0,0,0,0,1,0,0,0,0,0,0,0,94,860,0,12,2,3,0,6,56,36,82,3,2,0,1,6,1,173,0,0,256,0,0,10,2897,358
2013,jakarta selatan,jagakarsa,ciganjur,5835,7096,9262,443,607,114,57,4,37,0,14,10,4,9711,135,4,33,572,74,0,0,7,0,0,0,0,0,0,2,0,1,0,0,9,21,0,0,0,0,0,1,0,42,3,0,1,1,0,0,0,2,0,1,0,0,0,0,0,0,38,494,0,12,1,3,0,6,32,9,31,1,2,0,0,1,3,142,0,0,176,0,0,0,1980,269
2013,jakarta selatan,jagakarsa,lenteng agung,9192,11277,13673,704,1046,189,79,4,3,1,11,14,7,13459,130,6,68,1305,7,1,0,2,0,0,0,0,0,0,2,0,0,1,0,4,16,0,0,0,2,0,2,0,64,4,1,0,2,0,0,0,0,0,0,0,0,0,0,0,0,71,468,0,16,2,0,0,5,51,18,39,8,0,0,0,5,3,186,0,0,395,0,0,1,3369,410
2013,jakarta selatan,jagakarsa,tanjung barat,6624,7874,10102,640,865,68,81,2,14,1,8,11,4,10390,216,10,20,687,6,0,0,15,0,0,1,0,0,0,3,0,0,0,0,10,17,0,0,0,0,0,7,0,20,1,0,0,3,0,0,0,0,0,0,0,1,0,0,0,0,97,420,7,17,4,5,0,2,113,16,22,2,0,0,0,4,1,135,0,0,269,0,0,0,2656,355
2013,jakarta selatan,jagakarsa,cipedak,5678,6863,9304,269,690,223,57,8,52,1,3,4,7,8941,75,7,10,734,7,0,0,1,0,0,0,0,0,0,3,0,0,0,0,0,12,1,0,0,0,0,2,0,25,0,1,0,2,0,0,0,0,0,0,0,0,0,0,0,0,28,519,1,11,2,1,0,6,26,12,31,1,0,0,0,3,1,183,0,0,161,0,0,0,1685,275
2013,jakarta selatan,pesanggrahan,pesanggrahan,4690,5315,6433,579,496,887,49,1,4,0,10,14,2,7577,77,5,14,360,1,0,0,3,0,0,0,0,0,0,2,0,0,0,0,2,10,0,0,0,2,0,9,1,23,1,0,1,0,0,0,0,0,0,0,0,0,0,0,0,0,36,281,7,14,1,2,0,5,56,17,19,1,1,0,1,7,0,47,0,0,158,0,0,2,1483,399
2013,jakarta selatan,pesanggrahan,bintaro,7670,9719,12424,1045,910,70,98,0,2,1,11,18,8,16251,109,6,15,357,0,0,0,12,0,0,0,2,0,0,3,0,0,0,0,2,31,0,0,0,0,0,9,2,32,3,0,0,3,0,0,0,0,0,0,0,0,0,0,0,0,57,388,14,18,6,8,2,15,137,10,30,2,3,0,0,7,0,37,0,0,65,0,0,3,3066,1156
2013,jakarta selatan,pesanggrahan,petukangan utara,9091,10682,13202,728,679,151,81,24,4,0,18,17,6,14923,139,4,22,657,0,0,0,2,0,0,0,0,0,0,2,0,0,0,0,0,15,0,0,1,0,0,16,0,39,1,0,0,2,0,1,0,0,0,0,0,0,0,0,1,0,56,584,2,13,2,1,0,6,81,16,34,2,0,0,0,4,0,84,0,0,165,0,0,0,4825,432
2013,jakarta selatan,pesanggrahan,petukangan selatan,5816,6856,8561,527,521,24,39,20,3,1,11,15,3,12429,114,4,13,461,0,0,0,18,0,0,0,1,0,0,7,0,0,1,0,4,7,0,0,0,0,0,12,0,30,1,0,0,2,0,0,0,0,0,0,0,0,0,0,0,0,56,302,14,20,6,0,0,8,74,9,12,2,2,0,1,1,1,103,0,0,227,0,0,2,1850,337
2013,jakarta selatan,pesanggrahan,ulujami,6512,8268,10581,519,525,27,136,1,2,0,2,11,0,11993,91,2,9,418,1,0,0,8,0,0,0,0,0,0,2,0,0,0,0,0,12,0,0,0,0,0,1,2,26,2,0,0,4,0,0,0,0,0,0,0,0,0,0,0,0,36,484,1,8,3,1,0,0,49,10,17,2,1,0,0,4,0,72,0,0,142,0,0,0,4484,268
2013,jakarta timur,matraman,pisangan baru,5901,7400,7878,525,519,32,22,1,2,0,6,8,2,8609,116,1,56,908,0,0,0,4,0,3,0,0,0,0,14,0,0,0,0,23,17,0,0,0,1,0,4,0,23,5,0,0,1,0,0,0,0,0,0,0,0,0,0,0,0,26,303,1,12,1,2,2,3,39,7,31,0,0,0,0,11,1,198,0,0,1285,0,0,0,2378,961
2013,jakarta timur,matraman,utan kayu utara,4089,5872,8224,544,779,37,15,3,2,0,4,3,1,9746,164,15,22,473,2,1,0,7,0,0,0,0,1,0,7,0,0,0,0,5,11,0,0,0,0,1,8,1,40,0,0,0,2,0,0,0,0,0,0,0,0,0,0,1,0,68,288,0,20,5,0,1,2,75,7,33,1,2,0,0,14,3,85,0,1,376,0,0,3,1908,305
2013,jakarta timur,matraman,kayu manis,4843,5905,6967,424,530,29,22,5,2,0,7,8,0,6952,137,5,30,1387,2,0,0,6,1,0,0,0,0,0,2,0,0,0,0,2,8,0,0,0,0,0,4,0,19,2,0,0,0,0,0,0,0,0,0,0,0,0,0,0,0,36,278,1,12,1,1,0,0,48,7,29,1,0,0,0,14,0,86,0,1,221,0,0,0,1779,248
2013,jakarta timur,matraman,pal meriam,3186,4679,5447,274,355,72,19,5,4,0,4,17,1,5815,64,8,22,299,2,0,0,8,1,0,1,0,0,0,5,0,0,1,0,8,7,0,0,0,0,0,5,14,25,1,2,0,1,0,0,0,2,0,0,0,0,0,0,0,0,22,147,0,22,0,1,1,0,39,5,14,1,0,0,0,2,1,51,0,0,332,0,0,15,2489,437
2013,jakarta timur,matraman,kebon manggis,2743,3884,4572,494,458,514,30,6,2,1,4,8,1,4585,77,1,21,365,0,0,0,5,0,0,0,0,0,0,0,0,0,0,0,0,10,0,0,0,0,1,10,0,19,2,0,0,0,0,0,0,0,0,1,0,0,0,0,1,0,26,184,0,17,1,2,1,1,39,3,32,0,1,0,0,13,0,56,0,0,67,0,0,0,1491,222
2013,jakarta timur,matraman,utan kayu selatan,5856,7022,8654,973,923,60,34,3,2,1,17,17,4,9704,229,9,31,619,1,0,1,10,0,0,1,0,0,1,3,0,0,0,0,6,25,0,0,0,0,0,7,0,36,4,0,0,0,0,0,0,0,0,0,0,0,0,0,0,0,47,408,1,24,7,1,1,5,78,16,29,1,1,0,0,12,3,64,0,0,370,0,0,0,2586,660
2013,jakarta timur,pulo gadung,pulo gadung,5559,6897,8877,490,332,110,38,3,2,0,20,23,2,10014,70,6,9,170,2,0,0,22,0,0,0,0,0,0,1,0,0,1,0,3,13,0,0,0,0,0,26,1,21,1,0,0,2,0,0,0,1,2,0,0,0,0,0,0,0,49,244,6,21,6,6,3,5,154,13,33,3,1,0,1,23,1,321,0,0,672,0,0,0,4164,588
2013,jakarta timur,pulo gadung,pisangan timur,7212,9109,11532,734,1288,55,61,0,2,0,10,9,2,12364,150,9,24,901,1,0,0,16,1,0,0,0,0,1,6,0,0,0,0,1,13,1,0,0,0,0,9,0,24,3,0,0,1,0,0,0,0,0,0,0,0,0,0,0,0,54,411,0,14,2,2,0,3,75,14,39,0,0,0,0,30,0,164,0,0,639,0,0,0,3067,418
2013,jakarta timur,pulo gadung,cipinang,6638,8653,10417,995,1010,64,945,1,2,2,10,28,1,10767,138,7,2,17,0,0,0,0,0,0,0,0,0,0,1,0,0,0,0,1,26,0,0,0,2,0,12,1,30,3,0,0,0,0,0,0,0,0,0,0,0,0,0,0,0,54,415,0,22,7,2,1,1,107,27,50,3,0,0,0,6,0,169,0,0,32,0,0,0,4671,484
2013,jakarta timur,pulo gadung,jatinegara kaum,4280,5216,6044,241,267,28,179,1,2,0,6,5,1,7059,57,2,10,797,0,0,0,2,0,0,0,0,0,0,6,0,0,0,0,3,7,0,0,0,0,0,0,0,8,1,0,0,0,0,0,0,0,0,0,0,0,0,0,0,0,15,273,0,8,0,0,0,4,23,10,22,1,0,0,0,3,0,179,0,0,498,0,0,1,1309,236
2013,jakarta timur,pulo gadung,rawamangun,6192,7805,10187,932,947,25,17,5,4,1,11,13,1,12061,203,5,17,799,2,0,0,14,0,0,0,0,0,0,1,0,1,0,0,6,19,0,0,0,0,0,31,1,33,5,0,0,0,0,1,0,0,1,0,0,0,0,0,1,0,145,512,3,24,6,1,1,6,172,15,27,5,2,0,0,10,0,130,0,0,373,0,0,2,2685,645
2013,jakarta timur,pulo gadung,kayu putih,7002,8898,10772,1082,755,60,39,1,2,0,10,26,0,12636,189,10,23,1403,1,0,0,12,0,0,0,0,0,0,5,0,0,0,0,14,28,0,0,0,0,0,50,4,46,1,1,0,5,0,1,0,0,0,0,0,0,0,0,0,0,102,409,4,51,3,7,5,17,226,11,79,4,1,0,0,24,2,196,0,0,384,0,0,6,3434,771
2013,jakarta timur,pulo gadung,jati,4170,6616,9325,857,709,28,18,1,2,0,5,6,0,10104,190,6,8,357,0,0,0,25,0,0,0,0,0,0,1,0,0,0,0,12,13,0,0,0,0,0,25,0,26,7,0,0,0,0,0,0,1,0,0,0,0,0,0,0,0,106,272,4,20,17,6,6,14,246,14,29,5,3,0,0,6,1,162,0,0,427,1,0,0,2771,508
2013,jakarta timur,jatinegara,kampung melayu,5029,6817,7075,154,130,27,8,2,2,0,14,9,2,4895,23,5,13,1590,5,1,1,0,0,1,0,0,0,0,12,0,0,0,0,11,11,1,0,0,0,0,7,0,6,23,0,0,0,0,0,0,0,0,0,0,0,0,0,0,0,7,139,0,2,0,0,0,1,11,2,9,2,0,0,0,0,0,249,1,1,1225,0,0,17,2606,561
2013,jakarta timur,jatinegara,bidara cina,6369,8412,10594,466,519,41,111,13,5,1,8,13,12,12026,101,4,58,822,1,0,0,7,0,0,0,1,0,1,22,0,0,0,0,11,17,0,0,1,0,0,25,6,33,0,0,0,0,0,0,0,0,0,0,0,0,0,0,0,0,42,360,0,17,5,3,3,10,80,16,30,1,0,0,0,22,4,204,0,0,552,0,0,17,3019,629
2013,jakarta timur,jatinegara,bali mester,1390,2359,2743,79,69,24,7,6,2,0,2,1,0,3051,11,0,6,248,0,0,0,10,0,0,0,0,0,0,5,3,0,0,0,6,7,0,0,0,0,0,12,1,3,0,0,0,0,0,0,0,0,0,0,0,0,0,0,0,0,7,50,0,8,0,2,0,3,40,0,5,1,0,0,0,1,0,59,0,0,301,0,0,9,949,113
2013,jakarta timur,jatinegara,rawa bunga,4169,5241,5487,173,215,17,12,0,2,0,4,2,0,5500,29,2,17,906,0,0,0,3,0,0,0,0,0,0,6,0,0,0,0,20,8,0,0,0,0,1,1,0,14,1,0,0,0,0,0,0,0,0,0,0,0,0,0,0,0,16,185,0,3,1,1,0,4,36,4,12,2,0,0,0,2,1,141,0,0,717,0,0,0,1863,240
2013,jakarta timur,jatinegara,cipinang cempedak,5281,7564,8628,631,459,87,24,2,2,1,8,15,1,9814,152,1,8,526,1,0,0,9,0,0,0,0,0,0,6,0,0,0,0,11,19,0,0,0,0,0,16,1,27,14,0,0,0,0,0,0,0,1,0,0,0,0,0,0,0,58,351,2,19,8,6,1,4,115,6,18,3,1,0,0,11,0,100,0,0,311,1,0,0,3295,644
2013,jakarta timur,jatinegara,cipinang muara,9188,11760,13665,1500,1152,76,60,14,7,0,12,27,1,15075,304,12,66,1478,3,0,0,20,0,0,0,0,0,0,7,0,2,0,1,19,36,1,0,0,1,0,22,1,105,0,6,0,2,0,0,0,0,2,0,0,0,0,0,0,0,86,688,2,33,15,9,9,18,176,25,51,3,0,0,0,17,3,330,0,0,639,1,0,0,4924,764
2013,jakarta timur,jatinegara,cipinang besar selatan,5718,7726,8864,456,448,50,29,3,3,1,0,8,0,9078,119,2,23,1387,1,1,0,9,0,0,0,1,0,1,4,0,0,0,0,7,11,0,0,0,0,0,5,0,26,12,0,0,1,0,0,0,1,1,0,0,0,0,0,2,0,26,330,4,14,2,2,0,4,81,9,26,4,1,0,0,9,0,189,0,2,612,0,0,0,2484,367
2013,jakarta timur,jatinegara,cipinang besar utara,8777,11712,11995,659,714,78,53,8,2,1,16,15,3,12051,69,4,26,1488,3,0,0,2,0,0,0,1,0,0,9,1,0,0,0,10,15,0,0,0,0,0,8,1,22,7,1,0,0,0,0,0,0,0,0,0,0,0,0,0,0,22,370,0,7,0,0,0,3,20,11,37,3,0,0,0,10,2,343,0,0,923,0,0,0,5517,1158
2013,jakarta timur,kramat jati,kramat jati,5974,6946,9359,561,665,482,177,1,2,0,6,17,1,9158,50,2,33,536,0,0,0,3,0,0,0,0,0,0,4,0,0,0,0,7,13,0,0,0,0,0,25,0,30,1,1,0,0,1,0,0,0,0,0,0,0,0,0,0,0,34,383,1,10,1,0,1,3,47,21,80,2,2,0,0,18,1,131,0,0,1167,0,0,1,3010,251
2013,jakarta timur,kramat jati,kampung tengah,7510,9487,12507,600,772,284,143,8,4,0,17,17,3,10000,98,3,12,809,0,1,0,6,0,0,0,0,0,0,3,0,0,0,0,2,8,0,0,0,0,0,7,0,22,10,0,0,0,0,0,0,0,0,0,0,0,0,0,1,0,34,406,1,6,0,3,0,2,79,20,48,5,0,0,0,18,0,128,0,0,1474,0,0,0,4359,375
2013,jakarta timur,kramat jati,dukuh,4614,5233,5794,357,452,54,89,3,3,0,4,5,4,6342,172,27,19,462,0,0,0,4,0,0,0,0,0,0,0,0,0,1,0,1,19,0,0,0,0,0,5,0,9,1,0,0,0,0,0,0,0,0,0,0,0,0,0,0,0,15,213,7,4,3,1,1,3,57,13,28,0,0,0,0,7,1,86,0,0,400,0,0,0,1869,155
2013,jakarta timur,kramat jati,batu ampar,7718,9547,12147,806,871,98,110,1,2,0,27,25,10,11221,195,8,37,378,1,0,0,4,0,0,1,1,0,0,0,0,0,0,0,0,20,0,0,0,0,0,8,0,38,4,0,0,4,0,1,0,0,0,0,0,0,0,0,1,0,49,504,5,9,4,1,0,3,93,18,30,1,2,0,1,9,1,124,0,1,699,0,0,3,4755,1359
2013,jakarta timur,kramat jati,bale kambang,4543,5795,7378,357,467,43,37,4,3,0,12,22,0,6855,104,7,20,497,0,0,0,5,0,0,0,0,0,0,2,0,0,0,0,0,17,0,0,0,0,0,2,0,26,4,0,0,0,0,0,0,0,0,0,0,0,0,0,0,0,44,326,1,7,0,3,0,3,65,12,17,2,2,0,0,7,0,106,0,0,372,0,0,0,2574,341
2013,jakarta timur,kramat jati,cililitan,7624,9022,10299,761,829,179,66,3,4,1,5,17,0,11682,125,4,16,640,0,0,0,10,0,0,0,0,0,0,10,0,0,0,0,2,13,0,0,0,0,1,30,0,38,17,0,0,1,0,0,0,0,0,0,0,0,0,0,0,0,56,466,1,25,5,1,1,8,60,26,71,2,1,0,0,19,0,151,0,0,854,0,0,0,3361,463
2013,jakarta timur,kramat jati,cawang,6254,7500,8731,373,515,119,43,1,2,1,12,10,0,10337,116,14,51,960,0,1,0,6,0,0,0,0,0,2,3,0,0,4,0,11,37,0,0,0,0,0,15,0,36,5,0,0,2,0,0,0,0,0,0,0,0,0,0,0,0,51,313,1,13,3,2,0,4,72,13,58,4,0,0,0,21,0,146,0,0,387,0,0,1,2635,182
2013,jakarta timur,pasar rebo,gedong,5974,7037,9058,675,779,565,211,0,2,0,6,5,0,10146,110,7,31,555,0,0,0,11,0,0,0,0,0,0,0,0,0,0,0,0,13,0,0,0,0,0,6,1,21,1,0,0,1,0,0,0,1,0,0,0,0,0,0,0,0,37,381,7,11,2,2,0,5,93,18,79,4,1,0,0,6,2,91,0,0,435,0,0,0,2252,264
2013,jakarta timur,pasar rebo,baru,5108,4879,5846,354,627,2445,79,0,3,2,0,6,2,4304,87,7,36,270,0,0,0,2,0,0,0,0,0,0,1,0,0,0,0,0,5,0,0,0,0,0,3,1,10,1,0,0,0,0,0,0,0,0,0,0,0,0,0,0,0,20,332,0,3,2,0,0,2,60,29,90,3,1,0,0,9,0,64,1,0,71,0,0,1,1731,216
2013,jakarta timur,pasar rebo,cijantung,7397,8188,10229,612,993,744,152,7,7,0,9,5,4,10349,110,4,32,734,3,0,0,6,0,0,0,0,0,0,1,0,3,0,1,6,18,0,0,0,0,0,11,2,28,1,0,0,0,0,0,0,0,0,0,0,0,0,0,0,0,31,593,3,17,1,1,0,4,43,35,79,3,1,0,0,15,0,165,0,0,287,0,0,0,2821,302
2013,jakarta timur,pasar rebo,kalisari,7271,8018,11159,713,1289,779,145,0,7,0,5,5,0,9615,243,14,58,765,3,0,0,5,1,0,0,0,0,0,7,0,0,0,0,7,16,0,0,0,0,0,6,1,29,0,1,0,0,1,0,0,0,0,0,0,0,0,0,0,0,41,795,2,16,2,2,0,1,45,25,83,1,0,0,0,12,1,167,1,0,248,0,1,0,2947,288
2013,jakarta timur,pasar rebo,pekayon,8096,8942,10112,416,738,835,201,5,6,0,1,2,0,11414,73,4,49,662,0,1,0,0,0,0,0,0,0,0,1,0,0,0,0,10,11,2,0,0,0,0,8,0,19,1,0,0,0,0,0,0,0,0,0,0,0,0,0,0,0,32,455,1,7,1,1,1,2,39,25,56,2,0,1,0,9,1,208,0,0,399,0,0,0,2728,268
2013,jakarta timur,cakung,jatinegara,16097,18095,21797,328,490,82,59,1,9,0,10,13,4,29027,59,2,7,1351,2,0,0,3,0,0,0,2,0,0,0,0,0,0,0,1,3,0,0,0,0,0,5,0,15,0,0,0,2,0,0,0,0,0,0,0,0,0,0,0,0,31,652,0,8,1,0,0,2,31,36,50,0,0,0,0,6,0,162,0,0,639,1,0,1,6956,1041
2013,jakarta timur,cakung,rawa terate,5529,5973,6175,125,101,36,20,1,4,0,8,11,3,8239,15,1,5,753,2,0,0,2,0,0,0,0,0,0,0,0,0,0,0,1,4,0,0,0,0,0,2,0,10,0,0,0,1,0,0,0,0,0,0,0,0,0,0,0,0,8,178,0,1,1,0,0,0,10,6,18,0,0,0,0,6,0,164,0,0,263,0,0,0,2314,297
2013,jakarta timur,cakung,penggilingan,16986,19923,23857,988,1091,104,89,0,17,2,29,31,3,23322,294,31,40,2285,10,0,0,3,0,0,0,1,1,0,9,0,0,0,0,10,16,1,0,0,0,1,6,0,58,1,0,0,1,0,0,0,0,0,0,0,0,0,0,0,0,48,980,7,21,2,2,1,0,88,37,72,3,0,0,0,25,0,347,0,0,1022,0,0,0,8142,714
2013,jakarta timur,cakung,cakung timur,10753,11664,14362,355,458,76,71,49,170,1,18,20,6,19155,48,3,15,398,2,0,1,3,0,0,0,0,0,0,0,0,0,0,0,0,4,0,0,0,0,0,5,0,17,0,0,0,0,0,0,0,0,0,0,0,0,0,0,0,0,17,828,1,7,2,0,0,1,22,19,78,2,0,0,0,11,0,183,0,0,402,0,0,1,3302,879
2013,jakarta timur,cakung,pulo gebang,13013,18018,24571,1319,1311,266,110,1,3,2,37,42,4,22927,277,8,42,971,4,0,0,11,0,0,1,0,0,0,0,0,0,0,0,1,23,0,0,0,0,0,22,1,36,0,0,0,3,0,0,0,0,0,0,0,0,0,0,0,0,74,1027,3,23,3,4,2,2,135,37,84,6,2,0,0,23,1,408,0,0,495,0,0,2,7462,1276
2013,jakarta timur,cakung,ujung menteng,5074,6137,7219,308,349,41,34,1,23,0,2,6,2,7708,74,1,24,441,4,0,0,0,0,0,1,0,0,0,1,0,0,1,0,4,7,0,0,1,0,0,9,1,16,1,0,0,2,0,0,0,0,0,0,0,0,0,0,0,0,30,323,0,9,4,2,1,1,51,10,20,1,0,0,0,17,0,99,0,0,243,0,0,6,2157,418
2013,jakarta timur,cakung,cakung barat,11475,10626,13002,288,225,185,64,0,19,2,24,36,7,18408,46,2,19,518,1,0,0,1,0,0,0,0,0,0,0,0,1,0,0,3,5,0,0,0,0,0,26,2,19,0,0,0,0,0,0,0,0,0,0,0,0,0,0,1,0,13,458,0,3,0,0,1,0,20,20,40,1,0,0,0,15,0,287,0,0,581,0,0,3,4752,887
2013,jakarta timur,duren sawit,duren sawit,8604,12120,15632,1575,1298,42,64,4,4,0,10,10,2,15210,472,22,72,1650,3,0,0,33,0,0,0,0,0,0,2,0,0,0,0,14,19,0,0,0,1,0,19,1,42,5,0,0,4,1,0,0,0,0,0,0,0,0,0,1,0,159,653,7,49,17,5,5,16,241,19,52,3,5,0,0,17,0,283,0,0,389,0,0,4,5102,617
2013,jakarta timur,duren sawit,pondok bambu,9722,11964,15567,1437,1531,91,67,2,11,1,30,42,3,16168,364,13,56,1199,2,0,0,17,0,0,0,0,0,0,8,0,1,0,0,9,26,0,0,0,2,0,14,3,64,0,0,0,1,1,0,0,1,0,0,0,0,0,0,0,0,90,675,6,31,8,9,0,11,211,35,45,6,4,0,0,18,0,330,0,0,575,0,0,1,5199,746
2013,jakarta timur,duren sawit,klender,12579,15149,17785,964,1007,65,73,7,2,0,27,29,6,18593,196,8,19,2522,3,0,0,8,0,0,0,0,0,0,6,0,0,1,0,9,16,0,0,0,0,0,21,1,30,3,0,0,1,0,1,0,1,0,0,0,0,0,0,1,0,86,724,7,20,1,3,3,4,121,15,52,6,0,0,0,11,0,428,0,1,1008,0,0,0,5847,932
2013,jakarta timur,duren sawit,pondok kelapa,9674,12673,17238,1985,2017,83,82,2,9,0,41,48,9,16650,450,25,44,798,6,0,0,20,0,0,0,0,0,0,8,0,0,0,0,6,25,0,0,0,1,1,28,0,54,4,1,0,6,0,1,0,0,0,0,0,0,0,0,0,0,127,774,13,58,18,5,3,20,333,25,45,8,3,0,0,11,1,177,0,0,246,0,0,3,6721,1901
2013,jakarta timur,duren sawit,malaka sari,4862,5158,7412,1441,1146,54,37,0,3,0,3,6,1,8625,313,17,35,150,0,0,0,9,0,0,0,0,0,0,0,0,0,0,0,2,11,0,0,0,0,0,12,0,44,1,0,0,0,0,0,0,0,0,0,0,0,0,0,0,0,77,584,1,17,4,2,0,5,112,8,34,4,1,0,0,17,0,30,0,0,122,0,0,0,1859,338
2013,jakarta timur,duren sawit,malaka jaya,5378,5828,8029,1738,1293,51,46,2,3,0,3,12,2,9903,233,7,52,139,0,0,0,10,0,0,0,1,0,0,0,0,0,1,0,4,10,0,0,0,0,0,16,1,47,2,0,0,1,0,0,0,1,0,0,0,0,0,0,0,0,52,695,3,26,4,3,0,4,54,8,64,14,0,0,0,20,0,45,0,0,174,0,0,0,1878,314
2013,jakarta timur,duren sawit,pondok kopi,5742,6977,8679,798,720,40,47,1,5,0,7,11,2,8522,259,11,40,664,4,0,0,12,0,0,0,0,0,0,3,0,0,0,0,5,22,0,0,0,0,0,21,0,32,0,0,0,1,0,0,0,0,0,0,0,0,0,0,0,0,43,468,4,18,7,3,1,8,81,6,30,2,0,0,1,10,0,187,0,0,385,0,0,1,3242,239
2013,jakarta timur,makasar,makasar,6011,7338,8732,792,779,147,123,2,7,1,9,10,4,9248,120,10,60,1014,1,1,0,5,0,0,0,0,0,1,3,0,1,0,0,7,19,0,0,0,0,0,7,1,25,3,0,0,0,0,0,0,0,0,0,0,0,0,0,0,0,30,441,4,11,1,2,0,2,26,11,53,3,0,0,0,10,1,157,0,0,375,0,0,1,2252,426
2013,jakarta timur,makasar,pinang ranti,4561,5254,6475,318,437,135,93,0,4,0,3,0,5,6905,112,16,34,421,1,0,0,1,0,0,0,0,0,0,3,0,0,0,0,4,20,0,0,0,0,0,15,0,24,0,0,0,0,0,0,0,0,0,0,0,0,0,0,0,0,35,255,0,12,1,1,0,3,31,10,46,0,0,0,0,8,0,71,0,0,28,0,0,0,2375,244
2013,jakarta timur,makasar,kebon pala,8329,9962,11223,915,883,192,127,1,2,0,9,21,4,13624,130,4,22,1468,1,0,0,3,0,0,0,0,0,0,0,0,0,0,0,0,17,0,0,0,0,0,19,0,41,1,0,0,1,0,0,0,0,0,0,0,0,0,0,1,0,32,602,6,13,2,1,0,9,52,25,85,4,0,0,0,19,0,168,0,0,130,0,0,2,3367,573
2013,jakarta timur,makasar,halim perdana kusumah,5069,5256,8713,437,1021,5154,134,2,4,5,0,11,0,5280,110,2,47,183,0,0,0,7,0,0,0,0,0,0,3,0,0,0,0,2,6,0,0,0,0,1,3,0,8,0,0,0,0,0,0,0,1,0,0,0,0,0,0,0,0,20,415,9,8,5,0,0,2,89,34,107,3,1,0,0,1,0,24,0,0,50,0,0,0,762,292
2013,jakarta timur,makasar,cipinang melayu,6509,8277,11581,1056,1010,120,68,4,10,1,16,31,1,12396,216,4,18,742,5,0,0,10,0,0,0,0,0,0,11,0,1,0,0,3,16,0,0,0,0,0,10,0,30,2,0,0,3,0,0,0,0,0,0,0,0,0,0,1,0,78,596,10,26,8,4,0,2,136,16,32,0,3,1,0,7,0,130,0,0,361,0,0,0,2821,547
2013,jakarta timur,ciracas,ciracas,10837,13359,16264,631,1183,216,621,22,12,2,15,13,5,18236,124,7,32,1003,3,0,0,3,0,1,0,0,0,0,8,0,1,0,0,12,12,0,0,0,0,0,14,0,26,6,0,0,0,0,0,0,0,0,1,0,0,0,0,0,0,37,828,0,6,2,0,0,2,50,30,100,3,0,0,0,9,0,279,0,1,675,0,0,8,3610,1049
2013,jakarta timur,ciracas,cibubur,11285,13676,16711,1127,1257,854,225,7,28,2,14,23,2,16632,237,18,46,1170,3,0,0,40,1,0,0,0,0,0,17,0,2,0,0,3,31,0,0,0,0,0,22,1,53,11,0,0,2,0,0,0,0,0,0,0,0,0,0,1,0,65,790,6,23,6,12,2,25,119,42,89,6,2,0,0,33,0,347,0,0,643,0,0,1,4353,517
2013,jakarta timur,ciracas,kelapa dua wetan,7613,8997,11158,798,1132,356,257,0,4,4,7,27,3,11499,112,8,22,1009,1,0,0,8,0,0,0,0,0,0,1,0,0,0,0,3,28,0,0,0,0,0,35,0,22,1,0,0,0,0,0,0,0,1,0,0,0,0,0,0,0,40,731,4,17,4,1,1,2,70,27,65,1,0,0,0,21,0,179,0,0,228,0,0,3,2925,439
2013,jakarta timur,ciracas,susukan,6591,7962,9199,338,572,92,122,0,3,0,7,11,0,11685,52,5,22,220,2,0,0,5,0,0,1,0,0,0,0,0,0,0,0,3,5,0,0,0,0,0,7,0,21,0,0,0,0,1,0,0,0,0,0,0,0,0,0,0,0,21,433,0,8,0,0,0,0,34,22,44,0,0,0,0,9,0,232,0,0,570,0,0,0,2997,356
2013,jakarta timur,ciracas,rambutan,6988,7705,9126,493,672,95,309,1,4,1,6,11,2,9037,96,20,45,496,0,1,0,7,0,0,0,0,0,0,2,0,0,0,0,4,6,0,0,0,1,1,6,0,20,0,0,0,0,0,0,0,0,0,0,0,0,0,0,0,0,29,485,0,2,0,1,0,2,65,20,43,1,0,0,0,9,1,196,0,0,851,0,0,2,3183,344
2013,jakarta timur,cipayung,cipayung,4279,4642,6335,293,679,308,72,1,9,0,0,6,2,6096,63,4,29,199,0,0,0,5,0,0,0,0,0,0,0,0,0,0,0,2,16,0,0,0,0,0,16,0,15,0,0,0,2,0,0,0,0,0,0,0,0,0,0,0,0,37,334,1,13,1,1,0,5,35,12,25,3,1,0,1,6,1,40,0,0,158,0,0,1,2021,228
2013,jakarta timur,cipayung,cilangkap,4391,4909,6923,183,606,356,86,0,4,0,0,10,5,5809,60,4,19,161,19,0,0,2,0,0,2,0,0,0,2,0,0,1,1,2,17,0,0,0,1,0,2,0,13,0,0,0,0,0,0,0,0,1,0,0,0,0,0,0,0,29,351,0,16,5,0,0,2,26,18,37,2,0,0,0,6,1,121,0,0,154,0,0,0,1973,178
2013,jakarta timur,cipayung,pondok ranggon,3663,5069,6782,154,719,250,76,0,9,0,2,1,1,5046,43,2,30,518,2,0,0,5,0,0,0,0,0,0,0,0,0,0,0,4,17,0,0,0,0,0,5,0,7,0,2,0,0,0,0,0,0,0,0,0,0,0,0,0,0,14,363,0,6,0,1,1,3,13,15,27,0,0,0,0,3,1,129,0,1,227,0,0,0,1428,150
2013,jakarta timur,cipayung,munjul,4007,4664,5652,369,606,119,448,20,13,1,4,6,3,4901,89,5,38,483,0,0,0,8,0,0,0,0,0,0,3,0,0,2,0,8,15,0,0,0,0,0,5,1,22,4,0,0,1,0,0,0,0,0,0,0,0,0,0,0,0,16,309,1,4,1,1,0,1,21,18,44,0,0,0,0,5,0,115,0,0,143,0,0,0,1663,356
2013,jakarta timur,cipayung,setu,3012,3882,4815,176,462,136,47,6,22,1,7,14,14,4131,72,4,12,211,0,1,0,2,0,0,0,1,0,0,3,0,0,0,0,3,16,0,0,0,0,0,2,0,17,1,0,0,0,0,0,0,0,0,0,0,0,0,0,0,0,20,185,3,4,2,1,0,4,34,7,15,1,0,0,0,2,0,42,0,0,207,0,0,0,1495,499
2013,jakarta timur,cipayung,bambu apus,4304,5105,6307,280,816,133,71,6,28,0,4,6,4,6342,107,2,57,322,2,0,0,3,1,0,0,0,0,0,0,0,0,0,0,0,9,0,0,0,0,0,9,0,15,0,0,0,1,0,0,0,0,1,0,0,0,0,0,2,0,26,277,1,7,0,0,0,5,53,11,14,0,2,0,0,3,0,39,0,0,79,0,0,1,1926,247
2013,jakarta timur,cipayung,lubang buaya,10501,12620,16436,832,1358,381,142,0,3,1,7,11,0,17579,188,11,35,688,0,0,0,0,0,0,0,0,0,1,3,0,0,0,0,7,39,0,0,0,1,0,9,0,43,3,0,0,0,0,0,0,0,0,0,0,0,0,0,2,0,51,876,3,20,1,2,1,3,46,29,88,1,0,0,0,22,0,176,0,0,378,0,0,1,4241,325
2013,jakarta timur,cipayung,ceger,3272,3653,4891,256,405,115,74,2,2,0,9,16,2,4631,78,7,10,116,2,0,0,1,0,0,0,0,0,0,1,0,0,0,0,2,8,0,0,0,0,0,3,0,15,0,0,0,0,0,0,0,0,0,0,0,0,0,0,2,0,16,224,3,9,0,0,0,1,28,8,37,1,0,0,0,5,0,66,0,0,112,0,0,0,1568,286